"","species","lat.rng"
"1","Abrothrix longipilis",21.74999913
"2","Abrothrix olivaceus",25.49999898
"3","Acanthis flammea",110.99999556
"4","Acanthis hornemanni",27.58333223
"5","Acanthiza apicalis",6.41666641
"6","Acanthiza katherina",5.8333331
"7","Acanthiza pusilla",19.83333254
"8","Acanthorhynchus tenuirostris",23.99999904
"9","Accipiter cooperii",23.41666573
"10","Accipiter gentilis",15.49999938
"11","Accipiter poliocephalus",4.83333313999999
"12","Accipiter striatus",65.49999738
"13","Accipiter tachiro",32.33333204
"14","Acridotheres tristis",61.74999753
"15","Acrocephalus aedon",3.74999984999999
"16","Acrocephalus arundinaceus",59.66666428
"17","Acrocephalus scirpaceus",41.41666501
"18","Actenoides lindsayi",6.91666639
"19","Actitis hypoleucos",78.58333019
"20","Actitis macularius",47.24999811
"21","Adelomyia melanogenys",14.1666661
"22","Aechmophorus clarkii",20.24999919
"23","Aechmophorus occidentalis",21.08333249
"24","Aegithalos caudatus",17.74999929
"25","Aegithalos concinnus",7.24999971
"26","Aegolius acadicus",39.24999843
"27","Aegolius funereus",26.41666561
"28","Aeronautes saxatalis",28.08333221
"29","Aethopyga gouldiae",7.16666638
"30","Aethopyga nipalensis",4.08333317
"31","Afrixalus fulvovittatus",3.91666651
"32","Afrixalus laevis",5.99999975999999
"33","Afrixalus paradorsalis",3.74999985
"34","Agama agama",6.58333306999999
"35","Agama lebretoni",3.58333318999999
"36","Agapornis roseicollis",68.08333061
"37","Agelaius phoeniceus",32.99999868
"38","Agelaius tricolor",3.99999984
"39","Aglaeactis cupripennis",12.99999948
"40","Aglaiocercus kingii",8.333333
"41","Ahaetulla fronticincta",2.33333324
"42","Ahaetulla nasuta",8.333333
"43","Ahaetulla prasina",17.08333265
"44","Ailuroedus buccoides",5.49999977999999
"45","Ailuroedus melanotis",15.74999937
"46","Aimophila ruficeps",20.8333325
"47","Aix sponsa",15.49999938
"48","Alauda arvensis",91.33332968
"49","Alcedo atthis",28.66666552
"50","Alcedo azurea",14.1666661
"51","Alcedo cristata",43.99999824
"52","Alcedo cyanopectus",2.33333324
"53","Alcedo leucogaster",8.08333301000001
"54","Alcedo quadribrachys",8.16666634000001
"55","Alces alces",4.24999983
"56","Alcippe castaneceps",2.41666657
"57","Alcippe morrisonia",2.99999988
"58","Alcippe schaefferi",7.24999971
"59","Aleadryas rufinucha",3.99999984
"60","Alectoris chukar",11.83333286
"61","Alethe diademata",8.16666634000001
"62","Alethe poliocephala",7.74999969000001
"63","Allactaga balikunica",3.08333321
"64","Allactaga bullata",5.41666645
"65","Allactaga sibirica",13.3333328
"66","Alle alle",8.83333298
"67","Allocricetulus curtatus",6.24999975
"68","Alophoixus bres",5.49999978
"69","Alophoixus ochraceus",6.99999972
"70","Alopochen aegyptiaca",33.49999866
"71","Alticola barakshin",4.1666665
"72","Alticola lemminus",7.08333305000001
"73","Alticola strelzowi",3.83333318
"74","Amalocichla incerta",5.74999977
"75","Amazilia amazilia",7.58333303000001
"76","Amazilia beryllina",4.41666649
"77","Amazilia candida",2.58333323
"78","Amazilia chionogaster",14.41666609
"79","Amazilia cyanocephala",4.1666665
"80","Amazilia cyanura",1.58333327
"81","Amazilia fimbriata",8.83333298000001
"82","Amazilia rutila",8.49999966
"83","Amazilia tzacatl",18.49999926
"84","Amblycercus holosericeus",31.41666541
"85","Amblyornis macgregoriae",4.99999979999999
"86","Amblyospiza albifrons",6.24999975
"87","Amblyramphus holosericeus",8.83333298
"88","Ambystoma californiense",0.999999960000004
"89","Ammodramus aurifrons",11.08333289
"90","Ammodramus caudacutus",25.49999898
"91","Ammodramus humeralis",32.33333204
"92","Ammodramus nelsoni",5.91666643
"93","Passerculus sandwichensis",49.41666469
"94","Ammodramus savannarum",17.16666598
"95","Ammospermophilus harrisii",9.33333296
"96","Ammospermophilus leucurus",19.08333257
"97","Ammospermophilus nelsoni",0.333333320000001
"98","Amolops afghanus",0.333333320000001
"99","Ampelion rubrocristatus",8.91666631000001
"100","Amphiesma stolatum",8.83333298
"101","Amphispiza belli",6.16666642000001
"102","Amphispiza bilineata",8.16666634
"103","Anabacerthia striaticollis",8.99999964
"104","Anairetes flavirostris",17.99999928
"105","Anairetes nigrocristatus",3.74999984999999
"106","Anairetes parulus",35.91666523
"107","Anairetes reguloides",11.6666662
"108","Anas acuta",20.33333252
"109","Anas americana",17.58333263
"110","Anas clypeata",61.16666422
"111","Anas crecca",20.41666585
"112","Anas cyanoptera",76.6666636
"113","Anas discors",7.83333302
"114","Anas platyrhynchos",40.66666504
"115","Anas rubripes",8.333333
"116","Anas strepera",9.1666663
"117","Anas undulata",28.99999884
"118","Andigena hypoglauca",7.74999969000001
"119","Aneides lugubris",0.916666630000002
"120","Anisognathus igniventris",8.91666631000001
"121","Anisognathus lacrymosus",5.99999976000001
"122","Anisognathus somptuosus",8.99999964
"123","Anolis carolinensis",5.8333331
"124","Anoura geoffroyi",11.49999954
"125","Anourosorex squamipes",1.16666662
"126","Chen caerulescens",26.83333226
"127","Antechinus stuartii",7.4999997
"128","Anthochaera carunculata",6.33333308
"129","Anthracothorax dominicus",1.74999993
"130","Anthracothorax nigricollis",20.74999917
"131","Anthreptes collaris",27.83333222
"132","Anthus hodgsoni",34.58333195
"133","Anthus lutescens",36.16666522
"134","Anthus novaeseelandiae",58.49999766
"135","Anthus rubescens",35.16666526
"136","Anthus similis",36.58333187
"137","Anthus spinoletta",9.1666663
"138","Anthus trivialis",56.41666441
"139","Antrostomus carolinensis",17.4999993
"140","Antrostomus vociferus",28.91666551
"141","Antrozous pallidus",20.66666584
"142","Anumbius annumbi",10.74999957
"143","Apalis flavida",19.66666588
"144","Aphelocoma californica",17.99999928
"145","Aphelocoma ultramarina",0.58333331
"146","Aphriza virgata",56.41666441
"147","Aplodontia rufa",10.8333329
"148","Aplonis cantoroides",7.08333305
"149","Aplonis metallica",9.08333297
"150","Aplonis striata",1.24999995
"151","Apodemus agrarius",16.91666599
"152","Apodemus draco",2.24999991
"153","Apodemus pallipes",0.999999960000004
"154","Apodemus peninsulae",18.49999926
"155","Apodemus sylvaticus",9.91666626999999
"156","Apodemus uralensis",6.33333308
"157","Apus apus",74.1666637
"158","Aquila chrysaetos",6.91666639
"159","Arachnothera longirostra",8.83333297999999
"160","Aramides cajaneus",43.16666494
"161","Aramus guarauna",60.99999756
"162","Aratinga leucophthalmus",34.74999861
"163","Arborimus albipes",2.08333325
"164","Arborimus longicaudus",3.91666651000001
"165","Archilochus alexandri",21.49999914
"166","Archilochus colubris",34.08333197
"167","Ardea alba",9.74999961
"168","Ardea herodias",23.24999907
"169","Ardops nichollsi",4.83333314
"170","Arenaria interpres",44.66666488
"171","Arenaria melanocephala",22.24999911
"172","Arremon aurantiirostris",17.83333262
"173","Arremon brunneinucha",30.91666543
"174","Arremon flavirostris",4.58333315
"175","Arremon taciturnus",21.58333247
"176","Arremonops rufivirgatus",11.16666622
"177","Arses telescopthalmus",3.66666652
"178","Arthroleptis poecilonotus",3.91666651
"179","Artibeus aequatorialis",5.24999978999999
"180","Artibeus anderseni",13.83333278
"181","Artibeus fimbriatus",4.1666665
"182","Artibeus fraterculus",1.74999993
"183","Artibeus jamaicensis",45.91666483
"184","Artibeus lituratus",48.41666473
"185","Artibeus obscurus",33.83333198
"186","Artibeus phaeotis",12.41666617
"187","Artibeus planirostris",27.4999989
"188","Artibeus schwartzi",0.749999969999999
"189","Artibeus toltecus",9.58333294999999
"190","Artibeus watsoni",8.91666631
"191","Arvicanthis niloticus",3.16666653999999
"192","Asio flammeus",27.91666555
"193","Asio otus",16.16666602
"194","Aspidoscelis tigris",6.41666641
"195","Asthenes dorbignyi",9.66666628
"196","Asthenes pudibunda",8.41666633
"197","Athene cunicularia",87.66666316
"198","Atlapetes albinucha",2.16666658
"199","Atlapetes latinuchus",2.24999991
"200","Attila spadiceus",29.9999988
"201","Aulacorhynchus derbianus",19.49999922
"202","Aulacorhynchus prasinus",30.99999876
"203","Aulacorhynchus sulcatus",1.08333328999999
"204","Auriparus flaviceps",8.66666632
"205","Automolus ochrolaemus",31.16666542
"206","Aythya affinis",18.99999924
"207","Aythya americana",9.66666628
"208","Aythya collaris",21.33333248
"209","Aythya marila",10.41666625
"210","Aythya valisineria",10.91666623
"211","Baeolophus atricristatus",4.33333316
"212","Baeolophus bicolor",16.83333266
"213","Baeolophus inornatus",6.08333309
"214","Baeolophus ridgwayi",10.16666626
"215","Baillonius bailloni",2.16666658
"216","Baiomys taylori",12.33333284
"217","Balantiopteryx plicata",16.24999935
"218","Barnardius zonarius",10.24999959
"219","Bartramia longicauda",42.74999829
"220","Basileuterus belli",4.66666648
"221","Basileuterus culicivorus",55.8333311
"222","Basileuterus lachrymosus",3.3333332
"223","Basileuterus rivularis",34.91666527
"224","Basileuterus rufifrons",8.41666632999999
"225","Basileuterus tristriatus",23.16666574
"226","Bassariscus astutus",11.83333286
"227","Batis capensis",13.3333328
"228","Batis molitor",20.66666584
"229","Batrachoseps attenuatus",4.66666648
"230","Bitia hydroides",0.41666665
"231","Blarina brevicauda",13.24999947
"232","Blarina carolinensis",10.24999959
"233","Blarina hylophaga",4.1666665
"234","Bleda canicapillus",4.41666649000001
"235","Bleda syndactylus",9.41666629000001
"236","Boiga cyanea",14.74999941
"237","Boiga irregularis",0.249999990000001
"238","Boiga multomaculata",11.6666662
"239","Boiga ochracea",3.99999984
"240","Boissonneaua matthewsii",7.08333305000001
"241","Bombycilla cedrorum",31.33333208
"242","Bombycilla garrulus",24.91666567
"243","Bonasa umbellus",13.3333328
"244","Botaurus lentiginosus",15.74999937
"245","Brachyphylla cavernarum",5.24999979
"246","Brachypteryx montana",23.08333241
"247","Brachyramphus marmoratus",16.99999932
"248","Bradornis pallidus",32.83333202
"249","Branta bernicla",16.16666602
"250","Branta canadensis",20.41666585
"251","Branta hutchinsii",29.66666548
"252","Brotogeris cyanoptera",3.33333319999999
"253","Bubo scandiacus",33.16666534
"254","Bubo virginianus",73.24999707
"255","Bucephala albeola",14.91666607
"256","Bucephala clangula",18.58333259
"257","Bufo americanus",6.91666639
"258","Bufo boreas",8.58333299
"259","Burhinus capensis",39.08333177
"260","Buteo jamaicensis",17.41666597
"261","Buteo lagopus",9.83333294000001
"262","Buteo lineatus",20.08333253
"263","Buteo magnirostris",36.49999854
"264","Buteo platypterus",32.83333202
"265","Buteo regalis",10.91666623
"266","Buteo swainsoni",6.08333309
"267","Buthraupis montana",8.91666631000001
"268","Butorides striata",73.66666372
"269","Cacicus cela",16.49999934
"270","Cacicus chrysonotus",8.41666633
"271","Cacicus chrysopterus",3.99999984
"272","Cacicus haemorrhous",34.08333197
"273","Cacicus solitarius",27.08333225
"274","Cacomantis castaneiventris",4.99999979999999
"275","Cacomantis variolosus",19.9999992
"276","Calamospiza melanocorys",19.49999922
"277","Calandrella cheleensis",3.74999985
"278","Calcarius lapponicus",35.16666526
"279","Calcarius ornatus",16.58333267
"280","Calidris acuminata",9.83333294000001
"281","Calidris alba",114.41666209
"282","Calidris alpina",41.91666499
"283","Calidris bairdii",97.91666275
"284","Calidris canutus",97.74999609
"285","Calidris fuscicollis",92.24999631
"286","Calidris mauri",56.83333106
"287","Calidris melanotos",108.58332899
"288","Calidris minuta",106.41666241
"289","Calidris minutilla",56.16666442
"290","Calidris pusilla",36.58333187
"291","Callipepla californica",91.41666301
"292","Callipepla gambelii",4.9999998
"293","Callipepla squamata",11.49999954
"294","Callisaurus draconoides",12.58333283
"295","Callospermophilus lateralis",15.41666605
"296","Calomys callosus",43.24999827
"297","Calypte anna",19.83333254
"298","Calypte costae",2.41666657
"299","Camaroptera brachyura",32.83333202
"300","Camaroptera brevicaudata",27.24999891
"301","Camaroptera chloronota",9.33333296000001
"302","Campephaga phoenicea",25.16666566
"303","Campephilus rubricollis",19.08333257
"304","Campethera abingoni",26.99999892
"305","Campethera cailliautii",17.33333264
"306","Campethera caroli",7.66666636000001
"307","Campethera nivosa",9.41666629000001
"308","Camptostoma obsoletum",42.74999829
"309","Campylopterus hemileucurus",8.83333298
"310","Campylopterus largipennis",19.08333257
"311","Campylopterus rufus",2.16666658
"312","Campylorhamphus trochilirostris",17.74999929
"313","Campylorhynchus brunneicapillus",9.91666627
"314","Campylorhynchus fasciatus",5.49999978000001
"315","Campylorhynchus rufinucha",2.83333322
"316","Canis latrans",34.1666653
"317","Canis lupus",98.08332941
"318","Cantorchilus leucotis",0.91666663000001
"319","Cantorchilus modestus",6.74999973
"320","Capito auratus",5.41666645
"321","Capito niger",11.41666621
"322","Caprimulgus climacurus",8.08333301
"323","Caprimulgus europaeus",52.24999791
"324","Caprimulgus rufigena",8.58333299
"325","Capsiempis flaveola",35.66666524
"326","Wilsonia canadensis",60.08333093
"327","Wilsonia pusilla",51.49999794
"328","Cardellina rubrifrons",16.49999934
"329","Cardinalis cardinalis",25.08333233
"330","Cardinalis sinuatus",5.91666643
"331","Cardiocranius paradoxus",2.4999999
"332","Carduelis carduelis",18.3333326
"333","Carduelis chloris",103.58332919
"334","Carollia brevicauda",34.33333196
"335","Carollia carollia",2.66666656
"336","Carollia castanea",29.41666549
"337","Carollia perspicillata",43.41666493
"338","Carollia sowelli",7.24999971
"339","Carollia subrufa",6.83333306
"340","Carpodacus cassinii",15.66666604
"341","Carpodacus erythrinus",28.16666554
"342","Carpodacus mexicanus",31.91666539
"343","Carpodacus purpureus",18.16666594
"344","Casiornis rufus",10.99999956
"345","Castor canadensis",32.4999987
"346","Catamblyrhynchus diadema",8.83333298000001
"347","Catamenia analis",23.66666572
"348","Catamenia inornata",15.16666606
"349","Cathartes aura",64.41666409
"350","Cathartes burrovianus",51.91666459
"351","Catharus aurantiirostris",5.58333311
"352","Catharus dryas",21.99999912
"353","Catharus frantzii",4.33333316
"354","Catharus fuscater",15.24999939
"355","Catharus fuscescens",46.99999812
"356","Catharus guttatus",54.66666448
"357","Catharus minimus",62.91666415
"358","Catharus ustulatus",95.41666285
"359","Catherpes mexicanus",29.66666548
"360","Cecropis daurica",41.24999835
"361","Celeus elegans",14.83333274
"362","Celeus undatus",3.91666651
"363","Centrocercus urophasianus",11.49999954
"364","Centropus superciliosus",36.49999854
"365","Centurio senex",11.6666662
"366","Cepphus columba",23.66666572
"367","Pipra erythrocephala",11.83333286
"368","Cerberus rynchops",4.58333315
"369","Cercomacroides tyrannina",9.33333295999999
"370","Cerorhinca monocerata",13.83333278
"371","Certhia americana",29.1666655
"372","Certhia brachydactyla",3.99999984
"373","Certhia familiaris",15.08333273
"374","Certhiaxis cinnamomeus",42.58333163
"375","Megaceryle alcyon",48.08333141
"376","Cettia cetti",5.16666646
"377","Cettia fortipes",3.74999985
"378","Cettia ruficapilla",2.33333324
"379","Ceuthmochares aereus",12.16666618
"380","Ceyx lepidus",19.83333254
"381","Ceyx melanurus",8.66666632
"382","Ispidina picta",14.74999941
"383","Chaerephon pumilus",31.91666539
"384","Chaetodipus arenarius",7.83333302
"385","Chaetodipus baileyi",10.99999956
"386","Chaetodipus californicus",6.83333306
"387","Chaetodipus dalquesti",2.4999999
"388","Chaetodipus eremicus",9.1666663
"389","Chaetodipus fallax",6.6666664
"390","Chaetodipus formosus",13.58333279
"391","Chaetodipus goldmani",4.33333316
"392","Chaetodipus hispidus",20.24999919
"393","Chaetodipus intermedius",10.99999956
"394","Chaetodipus nelsoni",10.24999959
"395","Chaetodipus penicillatus",10.49999958
"396","Chaetodipus pernix",5.33333312
"397","Chaetodipus rudinoris",7.58333303
"398","Chaetodipus spinatus",10.99999956
"399","Chaetorhynchus papuensis",6.24999975
"400","Chaetura pelagica",17.33333264
"401","Chaetura spinicaudus",3.74999985000001
"402","Chaetura vauxi",36.74999853
"403","Chalcophaps indica",42.24999831
"404","Chalcophaps stephani",6.41666641
"405","Chalcostigma ruficeps",8.66666632000001
"406","Chalinolobus nigrogriseus",2.74999989
"407","Chamaea fasciata",6.74999973000001
"408","Chamaeza campanisona",30.49999878
"409","Charadrius alexandrinus",16.83333266
"410","Charadrius collaris",46.33333148
"411","Charadrius dubius",36.24999855
"412","Charadrius montanus",8.08333301
"413","Charadrius semipalmatus",55.99999776
"414","Charadrius tricollaris",35.74999857
"415","Charadrius vociferus",22.58333243
"416","Charadrius wilsonia",23.49999906
"417","Charina bottae",3.58333319
"418","Chelidoptera tenebrosa",17.33333264
"419","Chiroderma salvini",28.41666553
"420","Chiroderma trinitatum",16.08333269
"421","Chiroderma villosum",30.33333212
"422","Chiroxiphia boliviana",6.74999973
"423","Chiroxiphia caudata",2.33333324
"424","Chlidonias niger",8.74999965
"425","Chloroceryle aenea",22.33333244
"426","Chloroceryle americana",48.3333314
"427","Chloroceryle inda",11.41666621
"428","Chlorocichla flaviventris",18.91666591
"429","Chlorophanes spiza",16.49999934
"430","Chlorophonia cyanea",18.91666591
"431","Chloropipo unicolor",1.91666659000001
"432","Chlorornis riefferii",7.08333305000001
"433","Chlorospingus flavopectus",42.08333165
"434","Chlorostilbon canivetii",7.08333305
"435","Choeronycteris mexicana",17.08333265
"436","Chondestes grammacus",24.41666569
"437","Chordeiles acutipennis",44.74999821
"438","Chordeiles minor",24.999999
"439","Chroicocephalus philadelphia",28.99999884
"440","Chrotopterus auritus",39.91666507
"441","Chrysopelea ornata",9.33333296
"442","Ciccaba virgata",19.33333256
"443","Cichlopsis leucogenys",1.58333327
"444","Cicinnurus magnificus",4.83333313999999
"445","Cicinnurus regius",5.49999977999999
"446","Cinclodes fuscus",38.83333178
"447","Cinclus leucocephalus",8.58333299000001
"448","Cinclus mexicanus",27.83333222
"449","Cinclus pallasii",6.83333306
"450","Cinnycerthia peruana",12.4999995
"451","Circus cyaneus",17.33333264
"452","Cissopis leveriana",24.41666569
"453","Cisticola cantans",33.83333198
"454","Cisticola chiniana",27.08333225
"455","Cisticola erythrops",25.24999899
"456","Cisticola fulvicapilla",17.83333262
"457","Cisticola juncidis",66.58333067
"458","Cistothorus palustris",10.24999959
"459","Cistothorus platensis",78.24999687
"460","Clangula hyemalis",19.83333254
"461","Claravis pretiosa",44.9999982
"462","Clytomyias insignis",2.24999991
"463","Clytorhynchus vitiensis",2.66666656
"464","Cnemarchus erythropygius",13.3333328
"465","Cnemophilus loriae",2.99999988
"466","Cnemotriccus fuscatus",30.8333321
"467","Coccothraustes coccothraustes",5.66666644
"468","Coccothraustes vespertinus",19.49999922
"469","Coccyzus americanus",62.91666415
"470","Coccyzus erythropthalmus",16.83333266
"471","Coccyzus melacoryphus",35.66666524
"472","Coeligena coeligena",8.99999964
"473","Coeligena lutetiae",5.99999975999999
"474","Coeligena torquata",15.24999939
"475","Coeligena violifer",8.41666633
"476","Coereba flaveola",34.74999861
"477","Colaptes atricollis",10.16666626
"478","Colaptes auratus",40.41666505
"479","Colaptes cafer",14.58333275
"480","Colaptes campestris",38.83333178
"481","Colaptes melanochloros",13.74999945
"482","Colaptes rivolii",8.83333298000001
"483","Colaptes rubiginosus",26.83333226
"484","Colaptes rupicola",11.49999954
"485","Colibri coruscans",26.08333229
"486","Colibri delphinae",12.66666616
"487","Colibri thalassinus",32.58333203
"488","Colinus virginianus",15.74999937
"489","Colius colius",6.41666641
"490","Colius striatus",35.66666524
"491","Collocalia esculenta",38.24999847
"492","Colluricincla boweri",2.74999989
"493","Colluricincla harmonica",20.16666586
"494","Colluricincla megarhyncha",17.16666598
"495","Colonia colonus",35.24999859
"496","Coluber constrictor",13.16666614
"497","Columba arquatrix",36.49999854
"498","Patagioenas fasciata",60.74999757
"499","Columba livia",11.74999953
"500","Columbina inca",24.999999
"501","Columbina passerina",31.33333208
"502","Columbina picui",16.58333267
"503","Columbina talpacoti",60.66666424
"504","Condylura cristata",11.6666662
"505","Conirostrum cinereum",10.16666626
"506","Conirostrum sitticolor",12.24999951
"507","Conirostrum speciosum",27.83333222
"508","Conopophaga castaneiceps",7.83333302
"509","Conopophaga lineata",2.24999991
"510","Contia tenuis",2.4999999
"511","Contopus cinereus",36.83333186
"512","Contopus cooperi",41.24999835
"513","Contopus fumigatus",18.66666592
"514","Contopus sordidulus",46.08333149
"515","Contopus virens",38.16666514
"516","Copsychus luzoniensis",3.24999987
"517","Copsychus saularis",25.24999899
"518","Coracias caudatus",23.99999904
"519","Corapipo gutturalis",1.41666661
"520","Cormobates leucophaea",15.41666605
"521","Corvus brachyrhynchos",17.24999931
"522","Corvus caurinus",13.58333279
"523","Corvus corax",28.99999884
"524","Corvus cryptoleucus",10.49999958
"525","Corynorhinus townsendii",20.41666585
"526","Coryphospingus cucullatus",18.83333258
"527","Corythopis delalandi",3.99999984
"528","Corythopis torquatus",19.08333257
"529","Cossypha caffra",36.24999855
"530","Cossypha heuglini",18.08333261
"531","Cossypha natalensis",9.83333294
"532","Cossypha niveicapilla",10.16666626
"533","Cossypha semirufa",1.99999992
"534","Cracticus quoyi",12.74999949
"535","Cranioleuca albicapilla",3.24999987
"536","Cranioleuca antisiensis",3.74999984999999
"537","Cranioleuca pyrrhophia",20.49999918
"538","Crateroscelis murina",3.99999984
"539","Crateroscelis robusta",5.74999977
"540","Cratogeomys castanops",17.33333264
"541","Cratogeomys goldmani",1.58333327
"542","Cricetulus barabensis",3.66666652
"543","Cricetulus longicaudatus",12.33333284
"544","Cricetulus migratorius",9.49999962
"545","Criniger calurus",6.24999975
"546","Crocidura beatus",4.91666647
"547","Crocidura grayi",6.49999974
"548","Crocidura sibirica",3.66666652
"549","Crotalus atrox",7.58333303
"550","Crotalus mitchellii",3.91666651000001
"551","Crotalus scutulatus",5.99999976
"552","Crotalus viridis",6.74999973
"553","Crotaphytus bicinctores",7.4999997
"554","Crotophaga ani",45.99999816
"555","Crotophaga sulcirostris",58.41666433
"556","Cryptobranchus alleganiensis",4.91666647
"557","Cryptotis goodwini",1.08333329
"558","Cryptotis magna",0.249999990000003
"559","Cryptotis parva",29.83333214
"560","Crypturellus obsoletus",14.83333274
"561","Ctenomys opimus",4.58333315
"562","Cuculus canorus",79.9999968
"563","Culicicapa ceylonensis",24.66666568
"564","Cuniculus paca",27.33333224
"565","Cyanerpes caeruleus",21.24999915
"566","Cyanerpes cyaneus",15.49999938
"567","Cyanistes caeruleus",9.08333297
"568","Cyanocitta cristata",20.16666586
"569","Cyanocitta stelleri",41.74999833
"570","Cyanocompsa cyanoides",28.74999885
"571","Cyanocompsa parellina",4.9999998
"572","Cyanocorax chrysops",6.58333307
"573","Cyanocorax cyanomelas",5.66666644
"574","Cyanocorax melanocyaneus",0.666666640000001
"575","Cyanocorax yncas",40.41666505
"576","Cyanoderma ruficeps",7.16666638
"577","Cyanolyca viridicyanus",8.41666633
"578","Nectarinia olivacea",21.33333248
"579","Cyclarhis gujanensis",54.1666645
"580","Cygnus olor",6.24999975
"581","Cylindrophis ruffus",14.83333274
"582","Cynanthus latirostris",16.58333267
"583","Cynomys gunnisoni",10.49999958
"584","Cynomys ludovicianus",7.16666638
"585","Cynopterus brachyotis",26.83333226
"586","Cynopterus sphinx",29.49999882
"587","Cyornis hainanus",10.58333291
"588","Cyornis herioti",2.4999999
"589","Cyphorhinus arada",21.58333247
"590","Cyrtonyx montezumae",2.83333322
"591","Dacelo gaudichaud",7.08333305000001
"592","Dacnis cayana",37.16666518
"593","Dasypus novemcinctus",63.16666414
"594","Deconychura longicauda",18.83333258
"595","Delichon urbicum",16.41666601
"596","Delphinus capensis",2.41666657
"597","Delphinus delphis",4.9999998
"598","Falcipennis canadensis",21.83333246
"599","Dendragapus obscurus",10.24999959
"600","Dendrelaphis cyanochloris",1.83333326
"601","Dendrelaphis proarchos",10.16666626
"602","Dendrelaphis subocularis",3.24999987
"603","Dendrocincla fuliginosa",34.49999862
"604","Dendrocincla homochroa",7.91666635
"605","Dendrocincla merula",15.99999936
"606","Dendrocolaptes certhia",20.8333325
"607","Dendrocolaptes picumnus",29.1666655
"608","Dendrocolaptes platyrostris",4.58333315
"609","Dendrocopos major",9.41666628999999
"610","Dendrocopos medius",4.9999998
"611","Dendrocopos minor",9.24999963
"612","Dendrocygna viduata",29.24999883
"613","Dendroica graciae",4.41666649
"614","Dendroica occidentalis",17.41666597
"615","Dendropicos fuscescens",37.74999849
"616","Desmodillus auricularis",5.74999977
"617","Desmodus rotundus",47.66666476
"618","Diadophis punctatus",20.16666586
"619","Dicaeum australe",7.99999968
"620","Dicaeum hypoleucum",8.66666632
"621","Dicaeum trigonostigma",11.33333288
"622","Dicrostonyx groenlandicus",23.83333238
"623","Dicrostonyx torquatus",12.24999951
"624","Dicrurus adsimilis",19.83333254
"625","Dicrurus hottentottus",32.66666536
"626","Didelphis albiventris",36.33333188
"627","Didelphis marsupialis",37.83333182
"628","Didelphis virginiana",33.24999867
"629","Diglossa albilatera",8.66666632000001
"630","Diglossa baritula",8.83333298
"631","Diglossa brunneiventris",8.58333299
"632","Diglossa caerulescens",8.66666632000001
"633","Diglossa cyanea",8.91666631000001
"634","Diglossa humeralis",5.99999975999999
"635","Diglossa mystacalis",7.33333304
"636","Diglossa sittoides",18.24999927
"637","Dinodon septentrionale",10.24999959
"638","Dipodomys agilis",3.16666654
"639","Dipodomys californicus",2.33333324
"640","Dipodomys deserti",9.1666663
"641","Dipodomys heermanni",2.99999988
"642","Dipodomys ingens",0.0833333300000021
"643","Dipodomys merriami",19.08333257
"644","Dipodomys microps",7.4999997
"645","Dipodomys nelsoni",4.74999981
"646","Dipodomys nitratoides",0.333333320000001
"647","Dipodomys ordii",21.49999914
"648","Dipodomys panamintinus",5.33333312
"649","Dipodomys simulans",8.58333299
"650","Dipodomys spectabilis",13.08333281
"651","Dipodomys stephensi",0.416666649999996
"652","Dipodomys venustus",1.6666666
"653","Dipsosaurus dorsalis",2.74999989
"654","Dipus sagitta",5.33333312
"655","Dixiphia pipra",21.41666581
"656","Dobsonia moluccensis",11.08333289
"657","Dolichonyx oryzivorus",26.33333228
"658","Dolichotis salinicola",3.91666651
"659","Donacobius atricapilla",31.49999874
"660","Doryfera ludovicae",22.16666578
"661","Drymornis bridgesii",12.99999948
"662","Dryocopus lineatus",40.99999836
"663","Dryocopus pileatus",15.58333271
"664","Dryoscopus cubla",33.24999867
"665","Dumetella carolinensis",21.08333249
"666","Dysithamnus leucostictus",9.08333297
"667","Dysithamnus mentalis",35.41666525
"668","Egretta caerulea",28.74999885
"669","Egretta thula",6.99999972
"670","Elaenia albiceps",41.41666501
"671","Elaenia chiriquensis",15.8333327
"672","Elaenia cristata",2.66666656
"673","Elaenia flavogaster",39.33333176
"674","Elaenia obscura",40.49999838
"675","Elaenia pallatangae",18.83333258
"676","Elaenia parvirostris",39.24999843
"677","Elaenia ruficeps",2.24999991
"678","Elanus leucurus",4.9999998
"679","Elaphe taeniura",1.91666659
"680","Elephantulus edwardii",2.33333324
"681","Elephantulus intufi",5.58333311
"682","Elephantulus rozeti",4.49999982
"683","Elephantulus rupestris",8.08333301
"684","Elgaria coerulea",4.66666648
"685","Elgaria multicarinata",5.24999979
"686","Eliomys quercinus",8.74999965
"687","Ellobius tancrei",6.49999974
"688","Emballonura alecto",12.99999948
"689","Emberiza cirlus",7.16666638
"690","Emberiza citrinella",85.33332992
"691","Emberiza elegans",20.49999918
"692","Emberiza schoeniclus",26.91666559
"693","Emberiza spodocephala",25.08333233
"694","Emberiza tahapisi",40.99999836
"695","Emberizoides herbicola",32.91666535
"696","Emberizoides ypiranganus",9.33333296
"697","Empidonax alnorum",91.74999633
"698","Empidonax difficilis",25.66666564
"699","Empidonax flavescens",6.58333307
"700","Empidonax flaviventris",42.58333163
"701","Empidonax hammondii",31.49999874
"702","Empidonax minimus",38.83333178
"703","Empidonax oberholseri",24.83333234
"704","Empidonax occidentalis",12.91666615
"705","Empidonax traillii",40.91666503
"706","Empidonax virescens",15.74999937
"707","Empidonax wrightii",18.49999926
"708","Enhydra lutris",26.99999892
"709","Enicurus leschenaulti",22.33333244
"710","Ensatina eschscholtzii",5.08333313
"711","Ensifera ensifera",13.08333281
"712","Entomodestes leucotis",2.74999989
"713","Eonycteris spelaea",12.66666616
"714","Eopsaltria australis",19.58333255
"715","Epinecrophylla gutturalis",4.9999998
"716","Epomophorus wahlbergi",30.33333212
"717","Eptesicus brasiliensis",37.91666515
"718","Eptesicus furinalis",44.41666489
"719","Eptesicus fuscus",38.74999845
"720","Eptesicus gobiensis",4.41666649
"721","Eremophila alpestris",50.8333313
"722","Eremopsaltria mongolica",4.08333317
"723","Erethizon dorsatum",38.49999846
"724","Eriocnemis luciani",13.99999944
"725","Erithacus rubecula",14.33333276
"726","Erythropygia leucophrys",21.08333249
"727","Erythropygia paena",5.16666646
"728","Erythropygia quadrivirgata",12.33333284
"729","Erythrura papuana",5.24999979
"730","Erythrura trichroa",5.91666643
"731","Estrilda astrild",37.91666515
"732","Estrilda melpoda",8.91666631
"733","Eubucco versicolor",6.83333306000001
"734","Eugenes fulgens",22.41666577
"735","Eulampis jugularis",1.49999994
"736","Eumeces skiltonianus",5.74999977
"737","Eumetopias jubatus",25.91666563
"738","Eumomota superciliosa",5.08333313
"739","Eumops bonariensis",12.08333285
"740","Eumops glaucinus",22.08333245
"741","Eumops perotis",57.74999769
"742","Eumyias thalassinus",7.16666638
"743","Euphagus carolinus",18.08333261
"744","Euphagus cyanocephalus",13.99999944
"745","Euphonia laniirostris",21.74999913
"746","Euphonia xanthogaster",20.74999917
"747","Euplectes afer",34.33333196
"748","Euplectes ardens",40.24999839
"749","Euplectes capensis",30.74999877
"750","Euplectes franciscanus",24.91666567
"751","Euplectes hordeaceus",14.66666608
"752","Euplectes macrourus",29.24999883
"753","Eurillas latirostris",6.74999973
"754","Eurillas virens",13.91666611
"755","Euryoryzomys nitidus",35.99999856
"756","Eurystomus orientalis",37.4999985
"757","Euscarthmus meloryphus",24.66666568
"758","Eutoxeres condamini",11.83333286
"759","Falco columbarius",35.24999859
"760","Falco mexicanus",14.41666609
"761","Falco peregrinus",33.74999865
"762","Falco sparverius",103.58332919
"763","Ficedula hyperythra",22.08333245
"764","Ficedula hypoleuca",38.08333181
"765","Ficedula parva",27.24999891
"766","Ficedula strophiata",4.66666648
"767","Ficedula tricolor",6.24999975
"768","Florisuga mellivora",17.33333264
"769","Fluvicola pica",29.41666549
"770","Formicarius colma",19.91666587
"771","Formicivora grisea",3.66666652000001
"772","Formicivora rufa",26.91666559
"773","Foulehaio carunculatus",6.33333308
"774","Francolinus sephaena",21.99999912
"775","Fringilla coelebs",94.58332955
"776","Fulica americana",23.24999907
"777","Fulmarus glacialis",23.49999906
"778","Furnarius leucopus",15.91666603
"779","Furnarius rufus",20.49999918
"780","Galbula albirostris",9.91666627000001
"781","Galbula cyanescens",6.74999973
"782","Galbula galbula",5.41666645000001
"783","Galerida cristata",41.08333169
"784","Gallicolumba beccarii",5.41666645
"785","Gallinago delicata",34.66666528
"786","Gallinago gallinago",55.33333112
"787","Gallinago paraguaiae",39.49999842
"788","Gallinula chloropus",71.16666382
"789","Gallinula galeata",57.33333104
"790","Gambelia wislizenii",8.41666633
"791","Garrulus glandarius",31.41666541
"792","Gavia immer",22.16666578
"793","Gavia pacifica",14.08333277
"794","Gavia stellata",11.08333289
"795","Geococcyx californianus",10.99999956
"796","Geomys arenarius",2.74999989
"797","Geomys bursarius",15.24999939
"798","Geomys knoxjonesi",2.91666655
"799","Geomys lutescens",5.99999976
"800","Geothlypis aequinoctialis",31.99999872
"801","Oporornis formosus",28.49999886
"802","Oporornis philadelphia",42.91666495
"803","Oporornis tolmiei",35.8333319
"804","Geothlypis trichas",32.91666535
"805","Geotrygon montana",43.3333316
"806","Geranospiza caerulescens",41.33333168
"807","Gerarda prevostiana",14.58333275
"808","Gerbillurus paeba",11.16666622
"809","Gerbillurus setzeri",5.58333311
"810","Gerygone chrysogaster",2.91666655
"811","Glaucidium brasilianum",50.66666464
"812","Glaucidium gnoma",18.91666591
"813","Glaucidium peruanum",11.49999954
"814","Glaucis hirsutus",21.83333246
"815","Glaucomys sabrinus",29.74999881
"816","Glaucomys volans",19.83333254
"817","Glossophaga commissarisi",9.41666629
"818","Glossophaga glossophaga",3.16666654
"819","Glossophaga leachii",8.83333298
"820","Glossophaga longirostris",0.91666663
"821","Glossophaga soricina",53.66666452
"822","Glyphorynchus spirurus",30.08333213
"823","Grallaria andicolus",6.66666640000001
"824","Grallaria rufula",14.1666661
"825","Grallaria squamigera",8.66666632
"826","Grallaricula nana",10.91666623
"827","Grampus griseus",13.3333328
"828","Grus canadensis",17.83333262
"829","Gubernetes yetapa",4.58333315
"830","Gulo gulo",19.66666588
"831","Gymnopithys rufigula",5.99999975999999
"832","Gymnorhinus cyanocephalus",4.66666648
"833","Gyrinophilus porphyriticus",1.6666666
"834","Habia fuscicauda",9.24999963
"835","Habia rubica",44.91666487
"836","Habromys lophurus",1.24999995
"837","Haematopus palliatus",86.16666322
"838","Halcyon albiventris",30.66666544
"839","Halcyon leucocephala",16.49999934
"840","Halcyon malimbica",8.83333298
"841","Todiramphus sanctus",37.08333185
"842","Halcyon senegalensis",30.74999877
"843","Halcyon smyrnensis",10.74999957
"844","Haplonycteris fischeri",11.08333289
"845","Haplospiza rustica",15.24999939
"846","Harpyionycteris whiteheadi",3.3333332
"847","Heliangelus amethysticollis",7.99999968000001
"848","Heliodoxa leadbeateri",8.99999964
"849","Heliodoxa xanthogonys",1.58333327
"850","Heliomaster longirostris",25.49999898
"851","Heliothryx auritus",12.41666617
"852","Hellmayrea gularis",13.66666612
"853","Helmitheros vermivorum",29.83333214
"854","Hemidactylus mabouia",5.66666644
"855","Hemiechinus auritus",4.08333317
"856","Hemispingus atropileus",14.1666661
"857","Hemispingus melanotis",13.49999946
"858","Hemispingus superciliaris",15.24999939
"859","Hemitriccus margaritaceiventer",16.83333266
"860","Henicorhina leucophrys",31.6666654
"861","Henicorhina leucosticta",21.49999914
"862","Herpsilochmus rufimarginatus",30.49999878
"863","Heteromys desmarestianus",8.58333299
"864","Heteromys gaumeri",3.74999985
"865","Himantopus himantopus",78.99999684
"866","Hipposideros ater",32.83333202
"867","Hipposideros bicolor",22.33333244
"868","Hipposideros caffer",36.08333189
"869","Hipposideros cervinus",21.74999913
"870","Hipposideros diadema",31.99999872
"871","Hipposideros larvatus",9.58333294999999
"872","Hipposideros obscurus",6.33333308
"873","Hirundinea ferruginea",37.58333183
"874","Petrochelidon pyrrhonota",36.41666521
"875","Hirundo rustica",94.33332956
"876","Histrionicus histrionicus",16.08333269
"877","Histriophoca fasciata",14.41666609
"878","Hydromys chrysogaster",12.16666618
"879","Hydropsalis parvula",14.08333277
"880","Hydropsalis torquata",35.66666524
"881","Hyla cadaverina",1.24999995
"882","Hyla regilla",6.99999972
"883","Hylarana albolabris",4.08333317
"884","Hylia prasina",7.66666636000001
"885","Hylocharis chrysura",13.41666613
"886","Hylocharis cyanus",19.08333257
"887","Hylocharis leucotis",9.66666628
"888","Hylocichla mustelina",27.91666555
"889","Hylonycteris underwoodi",6.49999974
"890","Hylophilus ochraceiceps",30.74999877
"891","Hylophilus pectoralis",5.99999975999999
"892","Hylophylax naevius",15.74999937
"893","Hymenops perspicillatus",9.49999962
"894","Hyperolius ocellatus",3.49999986
"895","Hyperolius riggenbachi",1.33333327999999
"896","Hypocnemis cantator",3.41666653
"897","Hypogramma hypogrammicum",8.41666632999999
"898","Hypothymis azurea",19.41666589
"899","Hypsiglena torquata",13.83333278
"900","Hypsipetes everetti",2.58333323
"901","Hypsipetes philippinus",8.08333301
"902","Icteria virens",37.83333182
"903","Icterus bullockii",22.74999909
"904","Icterus cayanensis",37.41666517
"905","Icterus cucullatus",16.49999934
"906","Icterus galbula",29.33333216
"907","Icterus parisorum",11.74999953
"908","Icterus pustulatus",3.66666652
"909","Icterus spurius",15.8333327
"910","Ictinia mississippiensis",9.24999963
"911","Iduna pallida",9.66666628
"912","Ifrita kowaldi",3.99999984
"913","Illadopsis fulvescens",9.41666629000001
"914","Illadopsis rufipennis",4.08333316999999
"915","Indicator indicator",25.16666566
"916","Indicator minor",36.08333189
"917","Inezia caudata",3.83333317999999
"918","Inezia inornata",10.99999956
"919","Irena cyanogaster",8.58333299
"920","Irenomys tarsalis",6.08333309
"921","Iridosornis analis",8.99999964
"922","Ixobrychus exilis",28.49999886
"923","Ixoreus naevius",26.6666656
"924","Ixos mcclellandii",7.16666638
"925","Jacamerops aureus",11.83333286
"926","Jacana jacana",35.49999858
"927","Jaculus jaculus",0.666666639999995
"928","Junco hyemalis",35.33333192
"929","Junco phaeonotus",14.9999994
"930","Kerivoula hardwickii",17.24999931
"931","Knipolegus aterrimus",27.58333223
"932","Knipolegus poecilurus",17.99999928
"933","Lafresnaya lafresnayi",13.99999944
"934","Lagenorhynchus obliquidens",6.6666664
"935","Lagonosticta rubricata",4.74999980999999
"936","Lagonosticta rufopicta",5.24999978999999
"937","Lagonosticta senegala",70.74999717
"938","Lagopus lagopus",22.58333243
"939","Lagopus leucura",23.16666574
"940","Lagopus muta",11.58333287
"941","Lalage maculosa",3.83333318
"942","Lampornis amethystinus",4.66666648
"943","Lampornis viridipallens",2.66666656
"944","Lampropeltis getula",5.49999978
"945","Lamprophis lineatus",1.49999993999999
"946","Lamprotornis nitens",15.91666603
"947","Laniarius atrococcineus",9.9999996
"948","Laniarius ferrugineus",36.6666652
"949","Laniarius funebris",4.16666650000001
"950","Lanius collaris",38.99999844
"951","Lanius collurio",71.99999712
"952","Lanius cristatus",41.16666502
"953","Lanius excubitor",12.58333283
"954","Lanius isabellinus",4.24999983
"955","Lanius ludovicianus",17.08333265
"956","Lanius senator",6.24999975
"957","Larus argentatus",34.58333195
"958","Larus atricilla",7.83333302
"959","Larus californicus",20.24999919
"960","Larus canus",30.99999876
"961","Larus delawarensis",19.24999923
"962","Larus glaucescens",21.83333246
"963","Larus heermanni",12.33333284
"964","Larus occidentalis",16.666666
"965","Larus pipixcan",36.33333188
"966","Larus ridibundus",26.08333229
"967","Lasionycteris noctivagans",24.83333234
"968","Lasiurus blossevillii",85.49999658
"969","Lasiurus borealis",70.58333051
"970","Lasiurus cinereus",76.08333029
"971","Lasiurus ega",60.74999757
"972","Lathrotriccus euleri",41.91666499
"973","Lemmiscus curtatus",10.16666626
"974","Lemmus sibiricus",12.41666617
"975","Lemmus trimucronatus",16.41666601
"976","Lemniscomys striatus",6.6666664
"977","Lepidocolaptes albolineatus",14.74999941
"978","Lepidocolaptes angustirostris",35.74999857
"979","Lepidocolaptes lacrymiger",7.99999968000001
"980","Lepidocolaptes souleyetii",19.9999992
"981","Lepidothrix coeruleocapilla",0.833333300000001
"982","Lepidothrix coronata",20.8333325
"983","Lepidothrix serena",1.74999993
"984","Lepidothrix suavissima",2.41666657000001
"985","Leptasthenura pileata",5.83333310000001
"986","Leptocoma sericea",2.33333324
"987","Leptonycteris yerbabuenae",15.08333273
"988","Leptopelis aubryi",2.49999990000001
"989","Leptopelis boulengeri",2.33333324
"990","Leptopelis calcaratus",1.99999992000001
"991","Leptopelis notatus",3.58333318999999
"992","Leptopelis rufus",0.16666666
"993","Leptopogon amaurocephalus",44.91666487
"994","Leptopogon superciliaris",13.91666611
"995","Leptotila rufaxilla",34.91666527
"996","Leptotila verreauxi",55.16666446
"997","Lepus alleni",2.83333322
"998","Lepus americanus",29.41666549
"999","Lepus arcticus",9.74999961
"1000","Lepus californicus",18.99999924
"1001","Lepus othus",11.58333287
"1002","Lepus tolai",3.74999985
"1003","Lepus townsendii",11.49999954
"1004","Lesbia nuna",13.74999945
"1005","Lesbia victoriae",14.74999941
"1006","Lessonia rufa",4.9999998
"1007","Leucosticte arctoa",0.666666640000003
"1008","Leucosticte atrata",9.24999963
"1009","Leucosticte australis",4.33333316
"1010","Leucosticte tephrocotis",32.41666537
"1011","Lichenostomus frenatus",5.8333331
"1012","Lichmera indistincta",22.33333244
"1013","Limnodromus griseus",31.16666542
"1014","Limnodromus scolopaceus",53.16666454
"1015","Limnonectes kuhlii",2.24999991
"1016","Limosa fedoa",9.74999961
"1017","Limosa haemastica",57.33333104
"1018","Liomys adspersus",1.49999994
"1019","Liomys irroratus",7.66666636
"1020","Liomys pictus",11.08333289
"1021","Liomys salvini",5.33333312
"1022","Lipaugus vociferans",17.33333264
"1023","Lissodelphis borealis",1.41666661
"1024","Lochmias nematura",19.24999923
"1025","Lonchophylla thomasi",36.16666522
"1026","Lonchura cucullata",5.33333311999999
"1027","Lonchura punctulata",25.91666563
"1028","Lonchura striata",5.49999978
"1029","Lontra canadensis",36.08333189
"1030","Lophodytes cucullatus",13.99999944
"1031","Lophorina superba",4.33333315999999
"1032","Lophostoma aequatorialis",3.83333318
"1033","Lophostoma silvicolum",23.41666573
"1034","Lophotis ruficrista",28.74999885
"1035","Lophotriccus galeatus",4.9999998
"1036","Lophotriccus pileatus",22.16666578
"1037","Loxia curvirostra",19.58333255
"1038","Loxia leucoptera",29.66666548
"1039","Loxigilla noctis",3.49999986
"1040","Loxigilla violacea",1.58333327
"1041","Loxodontomys micropus",16.08333269
"1042","Luscinia calliope",26.99999892
"1043","Luscinia megarhynchos",35.8333319
"1044","Lybius torquatus",26.08333229
"1045","Lycodon aulicus",10.58333291
"1046","Lycodon zawi",3.66666652
"1047","Lynx canadensis",3.74999985
"1048","Lynx rufus",15.33333272
"1049","Machaerirhynchus nigripectus",1.49999994000001
"1050","Machetornis rixosa",10.99999956
"1051","Macroglossus minimus",26.41666561
"1052","Macronous gularis",19.41666589
"1053","Macropygia amboinensis",40.99999836
"1054","Macropygia nigrirostris",6.24999975
"1055","Macroscelides flavicaudatus",1.49999994
"1056","Macroscelides micus",1.74999993
"1057","Macrotus californicus",6.33333308
"1058","Macrotus waterhousii",12.83333282
"1059","Malurus alboscapulatus",4.91666647000001
"1060","Manacus manacus",30.74999877
"1061","Mandingoa nitidula",26.91666559
"1062","Margarornis squamiger",19.41666589
"1063","Marmosa mexicana",2.66666656
"1064","Marmosops noctivagus",13.83333278
"1065","Marmota broweri",3.99999984
"1066","Marmota caligata",19.9999992
"1067","Marmota flaviventris",11.6666662
"1068","Marmota monax",28.83333218
"1069","Martes americana",29.1666655
"1070","Martes pennanti",16.08333269
"1071","Masticophis flagellum",7.74999969
"1072","Masticophis lateralis",7.24999971
"1073","Masticophis taeniatus",10.91666623
"1074","Mastomys natalensis",40.66666504
"1075","Mayrornis lessoni",2.33333324
"1076","Mecocerculus leucophrys",29.08333217
"1077","Mecocerculus stictopterus",14.1666661
"1078","Megaderma spasma",16.58333267
"1079","Megaerops wetmorei",1.99999992000001
"1080","Megarynchus pitangua",16.91666599
"1081","Megascops asio",18.41666593
"1082","Megascops kennicottii",28.08333221
"1083","Melaenornis chocolatina",1.83333325999999
"1084","Melaenornis pammelaina",21.49999914
"1085","Melanerpes aurifrons",21.91666579
"1086","Melanerpes carolinus",17.4999993
"1087","Melanerpes cruentatus",20.08333253
"1088","Melanerpes erythrocephalus",14.9999994
"1089","Melanerpes formicivorus",31.08333209
"1090","Melanerpes lewis",15.33333272
"1091","Melanerpes striatus",1.49999994
"1092","Melanerpes uropygialis",9.41666628999999
"1093","Melanitta fusca",29.74999881
"1094","Melanitta perspicillata",25.08333233
"1095","Melanocharis nigra",6.24999975
"1096","Melanocharis striativentris",2.99999987999999
"1097","Melanocharis versteri",4.99999979999999
"1098","Melanomys caliginosus",13.41666613
"1099","Melanotis hypoleucus",3.99999984
"1100","Meleagris gallopavo",17.83333262
"1101","Melidectes torquatus",5.49999977999999
"1102","Melidora macrorrhina",3.24999986999999
"1103","Melierax canorus",28.3333322
"1104","Melilestes megarhynchus",5.49999977999999
"1105","Meliphaga analoga",5.49999977999999
"1106","Meliphaga aruensis",5.99999976
"1107","Meliphaga lewinii",20.66666584
"1108","Melipotes fumigatus",5.74999977
"1109","Melocichla mentalis",21.08333249
"1110","Melomys rufescens",1.08333329
"1111","Melospiza georgiana",26.58333227
"1112","Melospiza lincolnii",45.49999818
"1113","Melospiza melodia",41.16666502
"1114","Melozone crissalis",16.83333266
"1115","Melozone fusca",12.16666618
"1116","Mephitis mephitis",15.41666605
"1117","Merganetta armata",9.58333295
"1118","Mergus merganser",18.99999924
"1119","Mergus serrator",13.41666613
"1120","Meriones meridianus",6.91666639
"1121","Meriones tamariscinus",3.99999984
"1122","Meriones unguiculatus",17.66666596
"1123","Merops hirundineus",9.9999996
"1124","Merops pusillus",23.16666574
"1125","Mesophylla macconnelli",17.33333264
"1126","Metachirus nudicaudatus",64.08333077
"1127","Metallura phoebe",8.58333299
"1128","Metallura tyrianthina",15.24999939
"1129","Metriopelia melanoptera",11.6666662
"1130","Micaelamys namaquensis",14.41666609
"1131","Micrastur ruficollis",44.58333155
"1132","Microcerculus marginatus",22.4999991
"1133","Microdipodops megacephalus",6.08333309
"1134","Microdipodops pallidus",2.91666655
"1135","Microeca papuana",4.99999979999999
"1136","Micronycteris megalotis",21.49999914
"1137","Micronycteris minuta",23.49999906
"1138","Microtus agrestis",13.49999946
"1139","Microtus californicus",11.41666621
"1140","Microtus canicaudus",0.499999979999998
"1141","Microtus chrotorrhinus",14.58333275
"1142","Microtus gregalis",28.91666551
"1143","Microtus hyperboreus",8.16666634000001
"1144","Microtus ilaeus",0.999999960000004
"1145","Microtus longicaudus",33.24999867
"1146","Microtus mexicanus",19.91666587
"1147","Microtus miurus",10.41666625
"1148","Microtus montanus",15.91666603
"1149","Microtus ochrogaster",8.91666631
"1150","Microtus oeconomus",25.08333233
"1151","Microtus oregoni",6.49999974
"1152","Microtus pennsylvanicus",84.58332995
"1153","Microtus pinetorum",10.49999958
"1154","Microtus richardsoni",8.16666634
"1155","Microtus townsendii",8.08333301
"1156","Microtus xanthognathus",9.91666626999999
"1157","Mimon crenulatum",23.41666573
"1158","Mimus gilvus",18.66666592
"1159","Mimus longicaudatus",7.49999970000001
"1160","Mimus polyglottos",24.49999902
"1161","Mimus saturninus",38.83333178
"1162","Miniopterus australis",48.58333139
"1163","Miniopterus schreibersii",61.74999753
"1164","Minla cyanouroptera",4.83333314
"1165","Minla ignotincta",7.24999971
"1166","Mionectes macconnelli",20.74999917
"1167","Mionectes oleagineus",31.33333208
"1168","Mionectes olivaceus",22.4999991
"1169","Mionectes striaticollis",9.41666629000001
"1170","Mirafra africanoides",7.74999969
"1171","Mniotilta varia",37.58333183
"1172","Molossops planirostris",4.91666647
"1173","Molossops temminckii",7.74999969
"1174","Molossus molossus",43.58333159
"1175","Molossus rufus",44.58333155
"1176","Molossus sinaloae",0.999999959999998
"1177","Molothrus aeneus",25.08333233
"1178","Molothrus ater",24.74999901
"1179","Molothrus badius",15.16666606
"1180","Molothrus bonariensis",59.08333097
"1181","Momotus momota",38.3333318
"1182","Monarcha axillaris",4.99999979999999
"1183","Monarcha cinerascens",8.16666634
"1184","Monarcha guttula",7.08333305
"1185","Monarcha trivirgatus",10.49999958
"1186","Monophyllus plethodon",4.91666647
"1187","Montifringilla nivalis",2.91666655
"1188","Mops condylurus",28.99999884
"1189","Mormoops megalophylla",13.99999944
"1190","Morus bassanus",17.66666596
"1191","Motacilla alba",33.99999864
"1192","Motacilla cinerea",40.24999839
"1193","Motacilla flava",39.74999841
"1194","Murexechinus melanurus",1.16666662
"1195","Mus minutoides",0.24999999000001
"1196","Mus musculus",119.66666188
"1197","Mus triton",10.58333291
"1198","Muscicapa adusta",35.8333319
"1199","Muscicapa caerulescens",19.74999921
"1200","Muscicapa muttui",7.16666638
"1201","Muscicapa striata",87.58332983
"1202","Muscisaxicola griseus",2.4999999
"1203","Muscisaxicola maculirostris",8.49999966
"1204","Muscisaxicola rufivertex",4.1666665
"1205","Mustela erminea",35.49999858
"1206","Mustela frenata",41.41666501
"1207","Mustela nivalis",30.8333321
"1208","Myadestes occidentalis",4.33333316
"1209","Myadestes ralloides",23.99999904
"1210","Myadestes townsendi",20.91666583
"1211","Myadestes unicolor",3.74999985
"1212","Myiagra alecto",9.24999963
"1213","Myiagra azureocapilla",1.41666661
"1214","Myiagra vanikorensis",1.83333326
"1215","Myiarchus cephalotes",8.08333301000001
"1216","Myiarchus cinerascens",22.58333243
"1217","Myiarchus crinitus",37.08333185
"1218","Myiarchus ferox",34.41666529
"1219","Myiarchus stolidus",1.49999994
"1220","Myiarchus swainsoni",46.41666481
"1221","Myiarchus tuberculifer",56.08333109
"1222","Myiarchus tyrannulus",57.16666438
"1223","Myiobius barbatus",15.74999937
"1224","Myiobius sulphureipygius",9.41666629
"1225","Myiobius villosus",8.16666634
"1226","Myioborus melanocephalus",13.99999944
"1227","Myioborus miniatus",33.24999867
"1228","Myiodynastes maculatus",44.41666489
"1229","Myiomela leucura",6.24999975
"1230","Myiopagis gaimardii",17.4999993
"1231","Myiopagis viridicata",44.66666488
"1232","Myiophobus fasciatus",39.9999984
"1233","Myiotheretes striaticollis",7.08333305000001
"1234","Myiothlypis coronata",13.74999945
"1235","Myiothlypis fulvicauda",10.74999957
"1236","Myiothlypis leucoblephara",9.33333296
"1237","Myiothlypis luteoviridis",14.08333277
"1238","Myiothlypis nigrocristata",3.99999984
"1239","Myiozetetes cayanensis",20.74999917
"1240","Myiozetetes similis",52.66666456
"1241","Myocastor coypus",73.58333039
"1242","Myodes californicus",5.24999979
"1243","Myodes gapperi",27.83333222
"1244","Myodes glareolus",24.58333235
"1245","Myodes rufocanus",25.74999897
"1246","Myodes rutilus",23.49999906
"1247","Myopus schisticolor",15.08333273
"1248","Myotis adversus",29.1666655
"1249","Myotis albescens",37.83333182
"1250","Myotis aurascens",3.91666651
"1251","Myotis auriculus",3.08333321
"1252","Myotis californicus",43.41666493
"1253","Myotis ciliolabrum",10.49999958
"1254","Myotis evotis",17.83333262
"1255","Myotis keaysi",7.08333305
"1256","Myotis keenii",20.49999918
"1257","Myotis leibii",15.99999936
"1258","Myotis lucifugus",32.66666536
"1259","Myotis muricola",12.99999948
"1260","Myotis myotis",16.08333269
"1261","Myotis nigricans",43.41666493
"1262","Myotis occultus",9.49999962
"1263","Myotis riparius",24.33333236
"1264","Myotis thysanodes",33.58333199
"1265","Myotis velifer",18.08333261
"1266","Myotis volans",31.83333206
"1267","Myotis yumanensis",22.58333243
"1268","Myrmeciza ferruginea",5.16666646
"1269","Myrmeciza hemimelaena",10.49999958
"1270","Myrmoborus leucophrys",20.74999917
"1271","Myrmoborus myotherinus",9.41666629000001
"1272","Myrmorchilus strigilatus",2.99999988
"1273","Myrmornis torquata",5.16666646
"1274","Myrmotherula axillaris",20.8333325
"1275","Myrmotherula longipennis",17.33333264
"1276","Myrmotherula menetriesii",19.08333257
"1277","Myrmotherula schisticolor",28.66666552
"1278","Myzomela jugularis",2.24999991
"1279","Myzomela obscura",4.58333315
"1280","Myzomela rosenbergii",5.91666643
"1281","Naja kaouthia",5.49999978
"1282","Napaeozapus insignis",68.08333061
"1283","Natalus stramineus",52.24999791
"1284","Neacomys spinosus",12.66666616
"1285","Necromys lasiurus",23.3333324
"1286","Nectarinia amethystina",6.99999972
"1287","Nectarinia bifasciata",15.66666604
"1288","Nectarinia cuprea",25.33333232
"1289","Nectarinia famosa",34.58333195
"1290","Nectarinia jugularis",26.24999895
"1291","Nectarinia kilimensis",2.24999991
"1292","Nectarinia mariquensis",22.58333243
"1293","Nectarinia reichenowi",2.66666655999999
"1294","Nectarinia senegalensis",29.83333214
"1295","Nectarinia venusta",18.99999924
"1296","Nectarinia verticalis",9.1666663
"1297","Nemosia pileata",6.99999972000001
"1298","Neocossyphus poensis",7.66666636000001
"1299","Neocossyphus rufus",5.91666643000001
"1300","Neopelma chrysocephalum",2.24999991
"1301","Neoromicia capensis",13.16666614
"1302","Neoromicia nanus",10.99999956
"1303","Neotetracus sinensis",0.99999996
"1304","Neotoma albigula",17.41666597
"1305","Neotoma bryanti",4.91666647
"1306","Neotoma cinerea",25.24999899
"1307","Neotoma floridana",7.16666638
"1308","Neotoma fuscipes",13.83333278
"1309","Neotoma lepida",19.91666587
"1310","Neotoma leucodon",13.24999947
"1311","Neotoma macrotis",6.83333306
"1312","Neotoma mexicana",28.99999884
"1313","Neotoma micropus",10.08333293
"1314","Neotoma stephensi",10.99999956
"1315","Neovison vison",39.08333177
"1316","Nerodia sipedon",4.24999983
"1317","Neurotrichus gibbsii",12.24999951
"1318","Nicator chloris",8.49999966
"1319","Nicator gularis",1.49999993999999
"1320","Nilaus afer",37.99999848
"1321","Niltava macgrigoriae",4.66666648
"1322","Niltava sundara",4.08333317
"1323","Noctilio albiventris",41.58333167
"1324","Noctilio leporinus",41.83333166
"1325","Nothoprocta ornata",6.91666639
"1326","Nothoprocta pentlandii",10.08333293
"1327","Notiosorex crawfordi",13.99999944
"1328","Notophthalmus viridescens",10.91666623
"1329","Nucifraga columbiana",10.33333292
"1330","Numenius americanus",22.4999991
"1331","Numenius phaeopus",56.08333109
"1332","Numida meleagris",81.6666634
"1333","Nycteris thebaica",31.08333209
"1334","Nyctibius griseus",32.66666536
"1335","Nycticeius humeralis",8.08333301
"1336","Nycticorax nycticorax",19.66666588
"1337","Nyctidromus albicollis",47.99999808
"1338","Nyctimene albiventer",2.33333324
"1339","Nyctinomops femorosaccus",4.83333314
"1340","Nyctinomops macrotis",21.41666581
"1341","Nyctipolus nigrescens",3.41666653
"1342","Nyctomys sumichrasti",7.08333305
"1343","Oceanodroma furcata",19.66666588
"1344","Ochotona collaris",9.58333295
"1345","Ochotona dauurica",7.08333305
"1346","Ochotona hyperborea",19.91666587
"1347","Ochotona pallasi",6.41666641
"1348","Ochotona princeps",18.3333326
"1349","Ochrotomys nuttalli",5.58333311
"1350","Ochthoeca cinnamomeiventris",9.66666628
"1351","Ochthoeca diadema",6.91666638999999
"1352","Ochthoeca frontalis",7.91666635000001
"1353","Ochthoeca fumicolor",19.41666589
"1354","Ochthoeca leucophrys",9.91666627000001
"1355","Ochthoeca oenanthoides",3.49999986
"1356","Ochthoeca rufipectoralis",15.24999939
"1357","Ocreatus underwoodii",8.16666634
"1358","Octodon degus",1.16666662
"1359","Odocoileus hemionus",25.24999899
"1360","Odocoileus virginianus",29.83333214
"1361","Oecomys bicolor",26.58333227
"1362","Oedistoma iliolophus",6.74999973000001
"1363","Oena capensis",44.74999821
"1364","Oenanthe deserti",20.66666584
"1365","Oenanthe isabellina",44.74999821
"1366","Oenanthe oenanthe",68.58333059
"1367","Oenanthe pleschanka",5.99999976
"1368","Oligodon albocinctus",8.41666633
"1369","Oligodon cyclurus",8.41666633
"1370","Oligoryzomys fulvescens",14.49999942
"1371","Oligoryzomys longicaudatus",24.66666568
"1372","Oligoryzomys microtis",54.49999782
"1373","Ondatra zibethicus",33.333332
"1374","Onychomys arenicola",11.74999953
"1375","Onychomys leucogaster",20.91666583
"1376","Onychomys torridus",16.24999935
"1377","Onychorhynchus coronatus",29.9999988
"1378","Oporornis agilis",9.33333296
"1379","Oreomanes fraseri",2.91666655
"1380","Oreortyx pictus",12.99999948
"1381","Oreoscoptes montanus",11.83333286
"1382","Oreoscopus gutturalis",2.83333322
"1383","Vermivora celata",49.999998
"1384","Vermivora peregrina",42.08333165
"1385","Vermivora ruficapilla",35.24999859
"1386","Oreotrochilus estella",17.58333263
"1387","Orochelidon murina",18.99999924
"1388","Ortalis motmot",12.4999995
"1389","Orthonyx spaldingii",2.4999999
"1390","Orthorhyncus cristatus",3.58333319
"1391","Orthotomus sericeus",24.49999902
"1392","Ortygospiza atricollis",39.1666651
"1393","Oryctolagus cuniculus",8.74999965000001
"1394","Oryzoborus angolensis",34.74999861
"1395","Oryzomys alfaroi",19.91666587
"1396","Oryzomys bolivaris",0.666666639999999
"1397","Oryzomys couesi",15.33333272
"1398","Oryzomys melanotis",5.24999979
"1399","Oryzomys oryzomys",0.99999996
"1400","Oryzomys palustris",13.49999946
"1401","Oryzomys saturatior",0.666666639999999
"1402","Ototylomys phyllotis",9.91666627
"1403","Otus bakkamoena",15.8333327
"1404","Otus choliba",22.91666575
"1405","Otus flammeolus",16.99999932
"1406","Otus megalotis",8.66666632
"1407","Ovis dalli",3.41666653
"1408","Oxyura jamaicensis",62.74999749
"1409","Pachycephala hyperythra",3.08333321
"1410","Pachycephala melanura",10.91666623
"1411","Pachycephala pectoralis",35.66666524
"1412","Pachycephala philippinensis",8.91666631
"1413","Pachycephala rufiventris",17.33333264
"1414","Pachycephala schlegelii",5.74999977
"1415","Pachycephala simplex",14.1666661
"1416","Pachycephala soror",4.99999979999999
"1417","Pachycephalopsis poliosoma",5.49999977999999
"1418","Pachyramphus minor",19.08333257
"1419","Pachyramphus polychopterus",43.16666494
"1420","Pachyramphus viridis",24.91666567
"1421","Pandion haliaetus",17.16666598
"1422","Pantherophis obsoletus",24.58333235
"1423","Paramelomys rubex",1.33333327999999
"1424","Parascalops breweri",1.24999995
"1425","Parastrellus hesperus",16.41666601
"1426","Pareas carinatus",7.08333305
"1427","Seiurus motacilla",28.58333219
"1428","Parkesia noveboracensis",62.91666415
"1429","Paroaria capitata",5.58333311
"1430","Paroaria coronata",10.24999959
"1431","Parula pitiayumi",42.41666497
"1432","Parus carolinensis",9.9999996
"1433","Parus elegans",7.08333305
"1434","Parus gambeli",14.58333275
"1435","Parus hudsonicus",8.91666631
"1436","Parus major",29.24999883
"1437","Parus monticolus",8.99999964
"1438","Parus spilonotus",3.49999986
"1439","Passer domesticus",94.33332956
"1440","Passer griseus",29.33333216
"1441","Passer montanus",43.91666491
"1442","Passerella iliaca",31.74999873
"1443","Passerina amoena",24.91666567
"1444","Passerina caerulea",22.16666578
"1445","Passerina ciris",28.83333218
"1446","Passerina cyanea",31.74999873
"1447","Patagioenas plumbea",21.58333247
"1448","Patagioenas speciosa",15.99999936
"1449","Patagona gigas",23.83333238
"1450","Pelecanus erythrorhynchos",5.08333313
"1451","Pelecanus occidentalis",13.41666613
"1452","Peneothello cyanus",5.74999977
"1453","Percnostola rufifrons",3.41666653
"1454","Perdix perdix",4.66666648
"1455","Periparus ater",10.58333291
"1456","Perisoreus canadensis",29.91666547
"1457","Perissocephalus tricolor",4.9999998
"1458","Perognathus amplus",3.24999987
"1459","Perognathus fasciatus",5.91666643
"1460","Perognathus flavescens",10.16666626
"1461","Perognathus flavus",20.24999919
"1462","Perognathus inornatus",2.91666655
"1463","Perognathus longimembris",11.58333287
"1464","Perognathus merriami",9.08333297
"1465","Perognathus parvus",13.24999947
"1466","Peromyscus attwateri",2.58333323
"1467","Peromyscus aztecus",7.16666638
"1468","Peromyscus boylii",14.66666608
"1469","Peromyscus californicus",6.83333306
"1470","Peromyscus crinitus",13.24999947
"1471","Peromyscus difficilis",14.33333276
"1472","Peromyscus eremicus",14.41666609
"1473","Peromyscus eva",6.49999974
"1474","Peromyscus fraterculus",4.41666649
"1475","Peromyscus gossypinus",6.91666639
"1476","Peromyscus grandis",0.749999969999999
"1477","Peromyscus guatemalensis",1.24999995
"1478","Peromyscus keeni",15.41666605
"1479","Peromyscus leucopus",28.3333322
"1480","Peromyscus levipes",2.41666657
"1481","Peromyscus maniculatus",41.49999834
"1482","Peromyscus melanophrys",2.83333322
"1483","Peromyscus melanotis",2.58333323
"1484","Peromyscus merriami",6.08333309
"1485","Peromyscus mexicanus",9.66666628
"1486","Peromyscus nasutus",9.83333294
"1487","Peromyscus pectoralis",12.4999995
"1488","Peromyscus peromyscus",1.58333327
"1489","Peromyscus truei",21.08333249
"1490","Peromyscus zarhynchus",1.16666662
"1491","Petaurus breviceps",71.24999715
"1492","Petrochelidon fulva",16.83333266
"1493","Petroica multicolor",30.41666545
"1494","Petromyscus collinus",12.24999951
"1495","Petronia dentata",3.91666651
"1496","Peucaea cassinii",16.83333266
"1497","Peucedramus taeniatus",1.41666661
"1498","Phacellodomus ruber",5.58333311
"1499","Phacellodomus rufifrons",18.3333326
"1500","Phaenicophilus palmarum",1.74999993
"1501","Phaeomyias murina",26.91666559
"1502","Phaethornis bourcieri",9.91666627000001
"1503","Phaethornis eurynome",2.33333324
"1504","Phaethornis guy",23.49999906
"1505","Phaethornis longirostris",1.41666661
"1506","Phaethornis malaris",16.99999932
"1507","Phaethornis ruber",15.99999936
"1508","Phaethornis superciliosus",31.08333209
"1509","Phaetusa simplex",29.66666548
"1510","Phainopepla nitens",5.41666645
"1511","Phalacrocorax auritus",12.33333284
"1512","Phalacrocorax pelagicus",22.74999909
"1513","Phalacrocorax penicillatus",13.49999946
"1514","Phalaenoptilus nuttallii",20.49999918
"1515","Phalaropus fulicarius",49.33333136
"1516","Phalaropus lobatus",30.99999876
"1517","Phapitreron leucotis",8.66666632
"1518","Phasianus colchicus",16.666666
"1519","Phenacomys intermedius",23.83333238
"1520","Phenacomys ungava",7.33333304
"1521","Pheucticus aureoventris",12.41666617
"1522","Pheucticus chrysogaster",6.16666642
"1523","Pheucticus ludovicianus",37.08333185
"1524","Pheucticus melanocephalus",30.58333211
"1525","Pheugopedius coraya",15.58333271
"1526","Pheugopedius maculipectus",4.66666648
"1527","Philander opossum",46.33333148
"1528","Philohydor lictor",6.16666641999999
"1529","Philydor erythrocercum",17.24999931
"1530","Philydor lichtensteini",3.83333318
"1531","Phlegopsis nigromaculata",11.99999952
"1532","Phoca largha",16.74999933
"1533","Phoca vitulina",28.3333322
"1534","Phocoena phocoena",29.33333216
"1535","Phocoenoides dalli",24.24999903
"1536","Phodopus campbelli",5.16666646
"1537","Phodopus roborovskii",3.83333318
"1538","Phoeniculus purpureus",44.1666649
"1539","Phoenicurus auroreus",25.24999899
"1540","Phoenicurus ochruros",6.24999974999999
"1541","Phoenicurus phoenicurus",16.83333266
"1542","Phrygilus plebejus",14.49999942
"1543","Phrygilus punensis",4.49999982000001
"1544","Phrygilus unicolor",8.41666633000001
"1545","Phyllastrephus fischeri",6.91666639
"1546","Phyllastrephus icterinus",6.74999973
"1547","Phyllastrephus strepitans",2.49999989999999
"1548","Phyllastrephus terrestris",32.16666538
"1549","Phyllergates cucullatus",17.41666597
"1550","Phyllomyias nigrocapillus",6.91666638999999
"1551","Phyllomyias uropygialis",7.83333302000001
"1552","Phylloscartes ventralis",28.49999886
"1553","Phylloscopus borealis",66.91666399
"1554","Phylloscopus collybita",8.333333
"1555","Phylloscopus fuscatus",25.99999896
"1556","Phylloscopus humei",2.41666657
"1557","Phylloscopus inornatus",27.24999891
"1558","Phylloscopus maculipennis",1.83333326
"1559","Phylloscopus proregulus",24.83333234
"1560","Phylloscopus pulcher",2.91666655
"1561","Phylloscopus reguloides",6.08333309
"1562","Phylloscopus tenellipes",38.08333181
"1563","Phylloscopus trivirgatus",22.99999908
"1564","Phylloscopus trochiloides",22.16666578
"1565","Phylloscopus trochilus",79.41666349
"1566","Phyllostomus discolor",19.33333256
"1567","Phyllostomus elongatus",17.33333264
"1568","Phyllostomus hastatus",23.16666574
"1569","Phyllotis darwini",8.49999966
"1570","Phyllotis xanthopygus",68.74999725
"1571","Phytotoma rutila",24.1666657
"1572","Piaya cayana",50.58333131
"1573","Pica hudsonia",24.49999902
"1574","Pica pica",23.3333324
"1575","Picoides albolarvatus",7.16666638
"1576","Picoides arcticus",14.9999994
"1577","Picoides fumigatus",25.16666566
"1578","Picoides nuttallii",6.08333309
"1579","Picoides pubescens",31.24999875
"1580","Picoides scalaris",11.58333287
"1581","Picoides tridactylus",21.08333249
"1582","Picoides villosus",40.58333171
"1583","Picumnus cirratus",31.91666539
"1584","Picumnus exilis",4.58333315
"1585","Picus canus",38.24999847
"1586","Pinicola enucleator",25.49999898
"1587","Pionus tumultuosus",7.83333302000001
"1588","Pipilo chlorurus",10.8333329
"1589","Pipilo erythrophthalmus",14.24999943
"1590","Pipilo maculatus",31.99999872
"1591","Pipistrellus javanicus",17.91666595
"1592","Pipra fasciicauda",20.08333253
"1593","Pipraeidea bonariensis",33.41666533
"1594","Pipraeidea melanonota",26.16666562
"1595","Pipreola arcuata",7.66666636000001
"1596","Pipreola riefferii",0.91666662999999
"1597","Piprites chloris",30.41666545
"1598","Piranga flava",48.49999806
"1599","Piranga ludoviciana",35.8333319
"1600","Piranga olivacea",19.74999921
"1601","Piranga rubra",37.83333182
"1602","Pitangus sulphuratus",63.66666412
"1603","Pithys albifrons",12.99999948
"1604","Pitohui dichrous",4.99999979999999
"1605","Pitohui ferrugineus",4.91666646999999
"1606","Pitohui kirhocephalus",3.66666652000001
"1607","Pitohui nigrescens",4.99999979999999
"1608","Pitta erythrogaster",18.83333258
"1609","Pitta sordida",20.33333252
"1610","Pituophis melanoleucus",11.6666662
"1611","Platyrinchus cancrominus",4.41666649
"1612","Platyrinchus coronatus",21.24999915
"1613","Platyrinchus mystaceus",35.41666525
"1614","Platyrinchus saturatus",5.16666646
"1615","Platyrrhinus helleri",33.74999865
"1616","Platyrrhinus lineatus",4.74999981
"1617","Platysteira cyanea",10.08333293
"1618","Plectrophenax nivalis",30.08333213
"1619","Plegadis chihi",70.74999717
"1620","Plethodon cinereus",7.16666638
"1621","Ploceus baglafecht",4.66666648
"1622","Ploceus bicolor",2.74999988999999
"1623","Ploceus cucullatus",24.24999903
"1624","Ploceus nigerrimus",4.83333314000001
"1625","Ploceus nigricollis",12.16666618
"1626","Ploceus ocularis",17.66666596
"1627","Ploceus rubiginosus",22.58333243
"1628","Ploceus subaureus",4.49999982
"1629","Ploceus velatus",32.66666536
"1630","Ploceus xanthops",18.24999927
"1631","Pluvialis dominica",108.58332899
"1632","Pluvialis squatarola",16.91666599
"1633","Podiceps auritus",16.08333269
"1634","Podiceps grisegena",6.74999973
"1635","Podiceps nigricollis",20.33333252
"1636","Podilymbus podiceps",15.16666606
"1637","Poecile atricapillus",29.91666547
"1638","Poecile lugubris",3.41666653
"1639","Poecile montanus",19.74999921
"1640","Poecile palustris",11.99999952
"1641","Poecile rufescens",22.99999908
"1642","Poecilodryas albispecularis",15.41666605
"1643","Pogoniulus bilineatus",17.16666598
"1644","Pogoniulus chrysoconus",28.41666553
"1645","Pogoniulus scolopaceus",6.74999973
"1646","Polioptila caerulea",23.58333239
"1647","Polioptila californica",10.49999958
"1648","Polioptila dumicola",16.16666602
"1649","Polioptila melanura",12.66666616
"1650","Polioptila plumbea",24.1666657
"1651","Polioxolmis rufipennis",6.99999972
"1652","Polyonymus caroli",6.99999972
"1653","Polypedates megacephalus",1.16666662
"1654","Polytmus guainumbi",30.41666545
"1655","Pomatorhinus ruficollis",7.16666638
"1656","Pooecetes gramineus",29.66666548
"1657","Poospiza hispaniolensis",6.16666642
"1658","Porzana carolina",21.58333247
"1659","Premnoplex brunnescens",13.49999946
"1660","Prinia flavicans",9.9999996
"1661","Prinia gracilis",6.58333307
"1662","Prinia subflava",38.99999844
"1663","Prionochilus olivaceus",8.91666631
"1664","Prionops retzii",13.99999944
"1665","Procavia capensis",73.24999707
"1666","Procyon lotor",16.666666
"1667","Proechimys semispinosus",1.99999991999999
"1668","Proechimys simonsi",33.58333199
"1669","Progne chalybea",32.91666535
"1670","Progne subis",16.33333268
"1671","Protobothrops jerdonii",2.41666657
"1672","Protobothrops mucrosquamatus",2.83333322
"1673","Protonotaria citrea",23.16666574
"1674","Prunella fulvescens",4.24999983
"1675","Prunella modularis",94.91666287
"1676","Psaltriparus minimus",8.99999964
"1677","Psammodynastes pulverulentus",12.58333283
"1678","Psammophis condanarus",5.41666645
"1679","Psarocolius angustifrons",10.8333329
"1680","Psarocolius decumanus",34.08333197
"1681","Pseudocolaptes boissonneautii",7.99999968000001
"1682","Pseudotriccus ruficeps",7.33333304
"1683","Pseudoxenodon macrops",6.74999973
"1684","Psophodes olivaceus",13.99999944
"1685","Ptenochirus jagori",9.49999962
"1686","Pteronotus davyi",19.1666659
"1687","Pteronotus parnellii",25.74999897
"1688","Pterophanes cyanopterus",8.24999967000001
"1689","Pteropus alecto",11.49999954
"1690","Ptilinopus rivoli",2.58333323
"1691","Ptilonorhynchus violaceus",13.99999944
"1692","Ptiloprora guisei",5.74999977
"1693","Ptilorrhoa caerulescens",5.49999977999999
"1694","Ptyas korros",11.49999954
"1695","Ptyas mucosus",3.74999985
"1696","Ptychoramphus aleuticus",19.24999923
"1697","Ptyonoprogne fuligula",28.41666553
"1698","Puffinus gravis",9.9999996
"1699","Puffinus griseus",88.3333298
"1700","Puma concolor",24.74999901
"1701","Pusa hispida",17.74999929
"1702","Pycnonotus barbatus",47.41666477
"1703","Pycnonotus importunus",3.66666651999999
"1704","Pycnonotus jocosus",9.83333294
"1705","Pycnonotus nigricans",12.4999995
"1706","Pycnonotus plumosus",6.91666638999999
"1707","Pycnonotus urostictus",9.33333296
"1708","Pygochelidon cyanoleuca",26.74999893
"1709","Pygoderma bilabiatum",9.24999963
"1710","Pyrenestes ostrinus",5.66666644
"1711","Pyriglena leuconota",8.99999964
"1712","Pyriglena leucoptera",2.33333324
"1713","Pyrocephalus rubinus",77.33333024
"1714","Pyrrhomyias cinnamomeus",18.58333259
"1715","Pyrrhula pyrrhula",17.83333262
"1716","Pyrrhura frontalis",35.41666525
"1717","Pytilia melba",14.66666608
"1718","Pytilia phoenicoptera",1.91666659
"1719","Quelea erythrops",29.24999883
"1720","Quelea quelea",30.66666544
"1721","Querula purpurata",19.08333257
"1722","Quiscalus lugubris",8.24999967
"1723","Quiscalus major",6.58333307
"1724","Quiscalus mexicanus",30.66666544
"1725","Quiscalus quiscula",11.16666622
"1726","Rallus limicola",13.49999946
"1727","Rallus longirostris",11.16666622
"1728","Ramphastos tucanus",19.08333257
"1729","Ramphastos vitellinus",17.4999993
"1730","Ramphocaenus melanurus",24.83333234
"1731","Ramphocelus carbo",23.49999906
"1732","Ramphotyphlops braminus",11.33333288
"1733","Rana aurora",5.91666643
"1734","Rana boylii",5.58333311000001
"1735","Rana catesbeiana",6.6666664
"1736","Rana limnocharis",2.24999991
"1737","Rana sylvatica",6.91666639
"1738","Rattus argentiventer",1.41666661000001
"1739","Rattus everetti",10.58333291
"1740","Rattus exulans",34.41666529
"1741","Rattus leucopus",9.99999960000001
"1742","Rattus niobe",1.33333327999999
"1743","Rattus norvegicus",117.99999528
"1744","Rattus rattus",94.1666629
"1745","Rattus tanezumi",45.41666485
"1746","Rattus tiomanicus",1.41666661000001
"1747","Recurvirostra americana",19.41666589
"1748","Regulus calendula",37.83333182
"1749","Regulus regulus",11.83333286
"1750","Regulus satrapa",22.83333242
"1751","Reithrodontomys fulvescens",21.83333246
"1752","Reithrodontomys megalotis",25.99999896
"1753","Reithrodontomys mexicanus",8.66666632
"1754","Reithrodontomys microdon",0.749999969999999
"1755","Reithrodontomys montanus",10.24999959
"1756","Reithrodontomys reithrodontomys",1.49999994
"1757","Reithrodontomys sumichrasti",7.99999968
"1758","Rhabdomys pumilio",14.58333275
"1759","Rhabdophis himalayana",10.08333293
"1760","Rhabdophis subminiata",10.99999956
"1761","Rhacophorus maximus",0.333333320000001
"1762","Rhacophorus rhodopus",0.166666660000001
"1763","Rhacophorus verrucosus",0.41666665
"1764","Rhagologus leucostigma",4.99999979999999
"1765","Rhegmatorhina melanosticta",10.99999956
"1766","Rhinocheilus lecontei",4.24999983
"1767","Rhinolophus arcuatus",12.16666618
"1768","Rhinolophus philippinensis",24.74999901
"1769","Rhinolophus virgo",11.74999953
"1770","Rhinophylla pumilio",21.58333247
"1771","Rhinopomastus cyanomelas",28.49999886
"1772","Rhipidura albicollis",21.49999914
"1773","Rhipidura albolimbata",6.66666640000001
"1774","Rhipidura atra",5.74999977
"1775","Rhipidura brachyrhyncha",5.16666646
"1776","Rhipidura cyaniceps",7.08333305
"1777","Rhipidura fuliginosa",24.83333234
"1778","Rhipidura leucophrys",23.99999904
"1779","Rhipidura leucothorax",6.41666641
"1780","Rhipidura rufidorsa",3.24999986999999
"1781","Rhipidura rufifrons",8.41666633000001
"1782","Rhipidura rufiventris",11.24999955
"1783","Rhipidura spilodera",4.24999983
"1784","Rhipidura threnothorax",3.66666652
"1785","Rhogeessa tumida",6.83333306
"1786","Rhopospina fruticeti",36.24999855
"1787","Rhyacornis fuliginosus",3.16666654
"1788","Rhynchocyclus brevirostris",9.49999962
"1789","Rhynchocyclus olivaceus",4.74999981000001
"1790","Rhynchonycteris naso",18.74999925
"1791","Rhynchotus rufescens",19.41666589
"1792","Rhytipterna simplex",17.16666598
"1793","Riparia riparia",79.08333017
"1794","Rissa tridactyla",37.58333183
"1795","Rostrhamus sociabilis",33.08333201
"1796","Rousettus aegyptiacus",35.33333192
"1797","Rousettus amplexicaudatus",26.49999894
"1798","Saccopteryx bilineata",30.24999879
"1799","Sakesphorus canadensis",5.83333309999999
"1800","Salpinctes obsoletus",34.08333197
"1801","Saltator atriceps",5.08333313
"1802","Saltator aurantiirostris",33.41666533
"1803","Saltator coerulescens",42.66666496
"1804","Saltator maximus",22.41666577
"1805","Saltator similis",12.16666618
"1806","Sasia ochracea",5.49999978
"1807","Satrapa icterophrys",11.91666619
"1808","Saxicola ferrea",6.08333309
"1809","Saxicola torquatus",80.58333011
"1810","Sayornis nigricans",53.99999784
"1811","Sayornis phoebe",19.1666659
"1812","Sayornis saya",17.24999931
"1813","Scalopus aquaticus",12.41666617
"1814","Scapanus latimanus",6.6666664
"1815","Scapanus orarius",9.49999962
"1816","Scapanus townsendii",4.49999982
"1817","Sceloporus magister",1.91666659
"1818","Sceloporus occidentalis",7.91666635
"1819","Sceloporus undulatus",8.99999964
"1820","Scelorchilus rubecula",2.41666657
"1821","Scenopoeetes dentirostris",2.4999999
"1822","Schiffornis turdina",22.4999991
"1823","Schiffornis virescens",2.16666658
"1824","Schistes geoffroyi",8.16666634
"1825","Schistochlamys melanopis",18.41666593
"1826","Schistocichla leucostigma",13.99999944
"1827","Schoeniophylax phryganophilus",11.49999954
"1828","Sciurus aberti",7.91666635
"1829","Sciurus arizonensis",4.24999983
"1830","Sciurus carolinensis",16.24999935
"1831","Sciurus griseus",16.33333268
"1832","Sciurus nayaritensis",1.16666662
"1833","Sciurus niger",18.99999924
"1834","Sciurus vulgaris",17.83333262
"1835","Sclerurus mexicanus",25.58333231
"1836","Sclerurus rufigularis",3.08333320999999
"1837","Scolopax minor",16.99999932
"1838","Scotinomys teguina",6.33333308
"1839","Scotophilus dinganii",17.24999931
"1840","Scotophilus kuhlii",20.99999916
"1841","Scotophilus nigrita",30.33333212
"1842","Scotorepens greyii",13.91666611
"1843","Scytalopus parvirostris",8.16666634
"1844","Scytalopus simonsi",2.99999988
"1845","Seicercus burkii",2.91666655
"1846","Seicercus castaniceps",6.24999975
"1847","Seicercus omeiensis",6.83333306
"1848","Seiurus aurocapilla",38.24999847
"1849","Selasphorus platycercus",22.08333245
"1850","Selasphorus rufus",24.41666569
"1851","Selasphorus sasin",5.8333331
"1852","Selenidera reinwardtii",9.1666663
"1853","Sericornis arfakianus",2.66666655999999
"1854","Sericornis citreogularis",2.83333322
"1855","Sericornis frontalis",20.16666586
"1856","Sericornis keri",1.99999992
"1857","Sericornis magnirostris",13.99999944
"1858","Sericornis nouhuysi",4.99999979999999
"1859","Sericornis perspicillatus",6.66666640000001
"1860","Sericornis spilodera",4.83333313999999
"1861","Serinus mozambicus",26.41666561
"1862","Serpophaga subcristata",16.33333268
"1863","Setophaga americana",16.58333267
"1864","Setophaga caerulescens",28.41666553
"1865","Setophaga castanea",16.58333267
"1866","Setophaga cerulea",9.58333295
"1867","Wilsonia citrina",29.49999882
"1868","Setophaga coronata",52.16666458
"1869","Setophaga discolor",27.24999891
"1870","Setophaga fusca",36.91666519
"1871","Setophaga magnolia",40.58333171
"1872","Setophaga nigrescens",24.49999902
"1873","Setophaga palmarum",34.66666528
"1874","Setophaga pensylvanica",36.24999855
"1875","Setophaga petechia",56.49999774
"1876","Setophaga pinus",26.58333227
"1877","Setophaga ruticilla",22.83333242
"1878","Setophaga striata",34.58333195
"1879","Setophaga tigrina",31.24999875
"1880","Setophaga townsendi",47.83333142
"1881","Setophaga virens",37.99999848
"1882","Sialia currucoides",12.4999995
"1883","Sialia mexicana",16.49999934
"1884","Sialia sialis",15.74999937
"1885","Sicalis flaveola",29.49999882
"1886","Sicalis luteola",53.91666451
"1887","Sigmodon arizonae",7.16666638
"1888","Sigmodon fulviventer",3.66666652
"1889","Sigmodon hirsutus",1.74999992999999
"1890","Sigmodon hispidus",29.66666548
"1891","Sigmodon ochrognathus",2.83333322
"1892","Sirystes sibilator",35.49999858
"1893","Sitta canadensis",29.1666655
"1894","Sitta carolinensis",18.24999927
"1895","Sitta europaea",8.49999966
"1896","Sitta frontalis",13.74999945
"1897","Sitta pygmaea",13.41666613
"1898","Sittasomus griseicapillus",50.58333131
"1899","Sorex araneus",16.99999932
"1900","Sorex arcticus",18.66666592
"1901","Sorex bairdi",1.41666661
"1902","Sorex bendirii",7.4999997
"1903","Sorex caecutiens",25.99999896
"1904","Sorex cinereus",33.99999864
"1905","Sorex daphaenodon",7.99999967999999
"1906","Sorex fumeus",18.3333326
"1907","Sorex haydeni",11.6666662
"1908","Sorex hoyi",28.91666551
"1909","Sorex isodon",16.58333267
"1910","Sorex longirostris",7.74999969
"1911","Sorex lyelli",0.333333319999994
"1912","Sorex merriami",12.91666615
"1913","Sorex minutissimus",22.66666576
"1914","Sorex monticolus",36.33333188
"1915","Sorex nanus",11.83333286
"1916","Sorex ornatus",14.66666608
"1917","Sorex pacificus",6.49999974
"1918","Sorex palustris",31.24999875
"1919","Sorex preblei",9.83333294
"1920","Sorex rohweri",1.58333327
"1921","Sorex sonomae",5.91666643
"1922","Sorex trowbridgii",13.83333278
"1923","Sorex tundrensis",22.16666578
"1924","Sorex ugyunak",5.08333313
"1925","Sorex vagrans",14.91666607
"1926","Sorex veraepacis",2.4999999
"1927","Sorex yukonicus",8.333333
"1928","Spermophaga haematina",8.16666634000001
"1929","Spermophilus alashanicus",7.83333302
"1930","Spermophilus beecheyi",15.41666605
"1931","Spermophilus beldingi",8.333333
"1932","Spermophilus columbianus",9.33333296
"1933","Spermophilus elegans",8.91666631
"1934","Spermophilus mohavensis",0.749999969999998
"1935","Spermophilus mollis",6.49999974
"1936","Spermophilus pallidicauda",5.41666645
"1937","Spermophilus parryii",17.91666595
"1938","Spermophilus richardsonii",14.1666661
"1939","Spermophilus saturatus",2.74999989
"1940","Spermophilus spilosoma",17.4999993
"1941","Spermophilus tereticaudus",8.24999967
"1942","Spermophilus tridecemlineatus",16.666666
"1943","Spermophilus undulatus",16.83333266
"1944","Spermophilus variegatus",10.08333293
"1945","Sphyrapicus nuchalis",18.08333261
"1946","Sphyrapicus ruber",24.24999903
"1947","Sphyrapicus thyroideus",16.91666599
"1948","Sphyrapicus varius",25.8333323
"1949","Spilogale gracilis",12.33333284
"1950","Spilogale putorius",13.41666613
"1951","Spinus magellanicus",30.99999876
"1952","Spinus pinus",30.91666543
"1953","Spinus psaltria",25.49999898
"1954","Spinus tristis",21.16666582
"1955","Spiza americana",25.41666565
"1956","Spizella arborea",29.83333214
"1957","Spizella breweri",24.08333237
"1958","Spizella pallida",29.08333217
"1959","Spizella passerina",35.49999858
"1960","Spizella pusilla",12.16666618
"1961","Sporophila caerulescens",20.33333252
"1962","Sporophila minuta",13.66666612
"1963","Sporophila plumbea",28.3333322
"1964","Sporophila torqueola",5.8333331
"1965","Stachyris nigriceps",22.91666575
"1966","Steganopus tricolor",19.41666589
"1967","Stelgidopteryx ruficollis",48.08333141
"1968","Stelgidopteryx serripennis",9.41666629
"1969","Stellula calliope",11.49999954
"1970","Sterna caspia",16.58333267
"1971","Sterna forsteri",8.333333
"1972","Sterna hirundo",41.49999834
"1973","Stiphrornis erythrothorax",6.74999973
"1974","Storeria occipitomaculata",6.24999975
"1975","Streptopelia capicola",34.58333195
"1976","Streptopelia decaocto",22.91666575
"1977","Streptopelia decipiens",21.58333247
"1978","Streptopelia orientalis",22.33333244
"1979","Streptopelia semitorquata",44.33333156
"1980","Streptopelia senegalensis",61.24999755
"1981","Strix nebulosa",14.9999994
"1982","Strix varia",25.99999896
"1983","Sturnella magna",40.74999837
"1984","Sturnella neglecta",23.58333239
"1985","Sturnira lilium",53.83333118
"1986","Sturnira ludovici",24.74999901
"1987","Sturnira luisi",4.83333314000001
"1988","Sturnira sturnira",0.166666659999999
"1989","Sturnira tildae",17.41666597
"1990","Sturnus vulgaris",105.91666243
"1991","Stylodipus sungorus",0.249999989999999
"1992","Sublegatus modestus",33.49999866
"1993","Suiriri suiriri",32.41666537
"1994","Suncus murinus",47.58333143
"1995","Surnia ulula",18.49999926
"1996","Sus scrofa",1.91666659
"1997","Syconycteris australis",27.74999889
"1998","Sylvia atricapilla",44.41666489
"1999","Sylvia borin",87.41666317
"2000","Sylvia cantillans",15.33333272
"2001","Sylvia communis",91.83332966
"2002","Sylvia curruca",24.91666567
"2003","Sylvia melanocephala",3.99999984
"2004","Sylvia subcaerulea",10.66666624
"2005","Sylvietta rufescens",17.74999929
"2006","Sylvietta whytii",1.08333329
"2007","Sylvilagus audubonii",22.83333242
"2008","Sylvilagus bachmani",9.58333295000001
"2009","Sylvilagus brasiliensis",21.83333246
"2010","Sylvilagus floridanus",18.41666593
"2011","Sylvilagus nuttallii",14.1666661
"2012","Syma torotoro",5.58333311000001
"2013","Synallaxis albescens",41.08333169
"2014","Synallaxis azarae",23.91666571
"2015","Synallaxis unirufa",12.08333285
"2016","Synaptomys borealis",19.66666588
"2017","Synaptomys cooperi",6.74999973
"2018","Syndactyla rufosuperciliata",28.16666554
"2019","Syndactyla subalaris",21.41666581
"2020","Synthliboramphus antiquus",25.24999899
"2021","Syrigma sibilatrix",9.58333295
"2022","Systellura longirostris",17.58333263
"2023","Tachycineta bicolor",24.1666657
"2024","Tachycineta thalassina",30.24999879
"2025","Tachyphonus coronatus",2.33333324
"2026","Tachyphonus cristatus",11.83333286
"2027","Tachyphonus luctuosus",8.33333299999999
"2028","Tachyphonus phoenicius",3.66666652000001
"2029","Tachyphonus rufus",33.99999864
"2030","Tachyphonus surinamus",10.74999957
"2031","Tadarida brasiliensis",29.66666548
"2032","Tamias alpinus",1.6666666
"2033","Tamias amoenus",12.66666616
"2034","Tamias canipes",2.08333325
"2035","Tamias cinereicollis",2.08333325
"2036","Tamias dorsalis",13.99999944
"2037","Tamias merriami",3.58333319
"2038","Tamias minimus",27.41666557
"2039","Tamias obscurus",6.41666641
"2040","Tamias panamintinus",2.33333324
"2041","Tamias quadrimaculatus",2.33333324
"2042","Tamias quadrivittatus",12.99999948
"2043","Tamias ruficaudus",3.83333318
"2044","Tamias rufus",2.91666655
"2045","Tamias senex",6.6666664
"2046","Tamias sibiricus",17.66666596
"2047","Tamias siskiyou",2.91666655
"2048","Tamias speciosus",6.58333307
"2049","Tamias striatus",12.74999949
"2050","Tamias townsendii",6.49999974
"2051","Tamias umbrinus",7.58333303000001
"2052","Tamiasciurus douglasii",11.24999955
"2053","Tamiasciurus hudsonicus",37.08333185
"2054","Tangara cayana",30.91666543
"2055","Tangara chilensis",8.33333300000001
"2056","Tangara cyanicollis",8.99999964
"2057","Tangara gyrola",13.91666611
"2058","Tangara nigroviridis",7.49999970000001
"2059","Tangara parzudakii",7.4999997
"2060","Tangara punctata",21.58333247
"2061","Tangara vassorii",8.66666632000001
"2062","Tangara viridicollis",7.74999969000001
"2063","Tangara xanthocephala",8.99999964
"2064","Tapera naevia",42.83333162
"2065","Taphozous melanopogon",2.74999989
"2066","Taraba major",35.41666525
"2067","Taricha torosa",5.91666643
"2068","Tarsiger cyanurus",27.66666556
"2069","Tatera leucogaster",12.41666617
"2070","Taxidea taxus",20.91666583
"2071","Tchagra australis",33.91666531
"2072","Tchagra senegalus",32.66666536
"2073","Telophorus sulfureopectus",23.16666574
"2074","Terenotriccus erythrurus",28.58333219
"2075","Terpsiphone cinnamomea",9.24999963
"2076","Terpsiphone rufiventer",9.41666629000001
"2077","Terpsiphone viridis",43.91666491
"2078","Thalurania furcata",22.08333245
"2079","Thamnomanes ardesiacus",19.08333257
"2080","Thamnomanes caesius",13.99999944
"2081","Thamnophilus amazonicus",5.16666646
"2082","Thamnophilus caerulescens",26.24999895
"2083","Thamnophilus doliatus",43.58333159
"2084","Thamnophilus murinus",15.58333271
"2085","Thamnophilus punctatus",3.66666652000001
"2086","Thamnophilus ruficapillus",28.66666552
"2087","Thamnophilus schistaceus",13.49999946
"2088","Thamnophis atratus",3.08333321
"2089","Thamnophis couchii",5.16666646
"2090","Thamnophis elegans",6.83333305999999
"2091","Thamnophis hammondii",2.08333325
"2092","Thamnophis sauritus",7.83333302
"2093","Thamnophis sirtalis",16.16666602
"2094","Thinocorus orbignyianus",21.83333246
"2095","Thlypopsis ornata",7.33333304
"2096","Thlypopsis ruficeps",11.33333288
"2097","Thomomys bottae",23.16666574
"2098","Thomomys bulbivorus",1.24999995
"2099","Thomomys mazama",5.58333311
"2100","Thomomys monticola",4.1666665
"2101","Thomomys talpoides",18.08333261
"2102","Thomomys townsendii",2.58333323
"2103","Thomomys umbrinus",7.91666635
"2104","Thraupis cyanocephala",8.91666631000001
"2105","Thraupis episcopus",27.33333224
"2106","Thraupis palmarum",23.24999907
"2107","Thraupis sayaca",8.74999965
"2108","Threnetes leucurus",20.74999917
"2109","Thryomanes bewickii",22.41666577
"2110","Thryophilus pleurostictus",4.83333314
"2111","Thryophilus rufalbus",0.41666665
"2112","Thryothorus ludovicianus",16.16666602
"2113","Thylamys elegans",3.3333332
"2114","Tiaris obscurus",7.74999969000001
"2115","Tinamus major",25.41666565
"2116","Tityra cayana",33.74999865
"2117","Tockus flavirostris",28.3333322
"2118","Todiramphus chloris",28.3333322
"2119","Todirostrum cinereum",35.66666524
"2120","Todus subulatus",1.49999994
"2121","Tolmomyias flaviventris",15.74999937
"2122","Tolmomyias poliocephalus",20.74999917
"2123","Tolmomyias sulphurescens",44.91666487
"2124","Tonatia saurophila",16.33333268
"2125","Toxorhamphus novaeguineae",3.66666652000001
"2126","Toxorhamphus poliopterus",4.99999979999999
"2127","Toxostoma curvirostre",15.8333327
"2128","Toxostoma longirostre",2.16666658
"2129","Toxostoma redivivum",6.08333309
"2130","Toxostoma rufum",18.24999927
"2131","Trachops cirrhosus",21.74999913
"2132","Trachylepis maculilabris",9.66666628
"2133","Tregellasia capito",2.4999999
"2134","Tregellasia leucops",3.74999985000001
"2135","Treron calvus",24.74999901
"2136","Trichechus manatus",4.66666648
"2137","Tricholaema leucomelas",12.4999995
"2138","Trichothraupis melanops",14.83333274
"2139","Trimeresurus albolabris",10.91666623
"2140","Trimeresurus erythrurus",8.74999965
"2141","Trimeresurus purpureomaculatus",5.8333331
"2142","Tringa flavipes",44.74999821
"2143","Tringa glareola",85.41666325
"2144","Tringa melanoleuca",34.58333195
"2145","Tringa semipalmata",33.16666534
"2146","Tringa solitaria",89.24999643
"2147","Tringa totanus",23.99999904
"2148","Trochocercus cyanomelas",1.58333326999999
"2149","Troglodytes aedon",83.66666332
"2150","Troglodytes hiemalis",4.49999982
"2151","Troglodytes musculus",50.33333132
"2152","Troglodytes solstitialis",24.91666567
"2153","Troglodytes troglodytes",31.33333208
"2154","Trogon collaris",31.58333207
"2155","Trogon melanurus",19.08333257
"2156","Trogon personatus",19.58333255
"2157","Trogon rufus",42.41666497
"2158","Trogon viridis",15.58333271
"2159","Tryngites subruficollis",108.58332899
"2160","Turdus albicollis",44.49999822
"2161","Turdus amaurochalinus",21.99999912
"2162","Turdus assimilis",16.49999934
"2163","Turdus chiguanco",17.91666595
"2164","Turdus fuscater",19.66666588
"2165","Turdus grayi",9.58333295
"2166","Turdus ignobilis",18.66666592
"2167","Turdus leucomelas",35.58333191
"2168","Turdus merula",96.41666281
"2169","Turdus migratorius",34.41666529
"2170","Turdus naumanni",15.24999939
"2171","Turdus nigriceps",27.58333223
"2172","Turdus nudigenis",12.33333284
"2173","Turdus pelios",6.83333305999999
"2174","Turdus philomelos",90.08332973
"2175","Turdus poliocephalus",32.99999868
"2176","Turdus rufiventris",13.58333279
"2177","Turdus serranus",8.91666631000001
"2178","Turdus viscivorus",4.66666648
"2179","Tursiops truncatus",1.41666661
"2180","Turtur abyssinicus",1.99999992
"2181","Turtur afer",7.99999968
"2182","Turtur chalcospilos",31.99999872
"2183","Turtur tympanistria",13.91666611
"2184","Tylomys watsoni",0.58333331
"2185","Tylonycteris robustula",13.74999945
"2186","Tympanuchus cupido",3.99999984
"2187","Tympanuchus pallidicinctus",6.49999974
"2188","Tympanuchus phasianellus",25.74999897
"2189","Tyrannulus elatus",22.41666577
"2190","Tyrannus couchii",5.41666645
"2191","Tyrannus dominicensis",18.24999927
"2192","Tyrannus forficatus",21.91666579
"2193","Tyrannus melancholicus",72.91666375
"2194","Tyrannus savana",78.66666352
"2195","Tyrannus tyrannus",28.66666552
"2196","Tyrannus verticalis",17.74999929
"2197","Tyrannus vociferans",8.99999964
"2198","Tyto alba",94.49999622
"2199","Upupa epops",79.33333016
"2200","Uraeginthus angolensis",13.91666611
"2201","Uraeginthus bengalus",3.83333318
"2202","Uria aalge",37.58333183
"2203","Urocitellus armatus",3.74999985
"2204","Urocyon cinereoargenteus",9.9999996
"2205","Uroderma bilobatum",32.58333203
"2206","Ursus americanus",32.24999871
"2207","Uta stansburiana",2.08333325
"2208","Vampyressa pusilla",30.74999877
"2209","Vanellus armatus",17.08333265
"2210","Vanellus chilensis",47.33333144
"2211","Vanellus coronatus",8.08333301
"2212","Veniliornis nigriceps",8.41666633
"2213","Veniliornis passerinus",6.58333307
"2214","Veniliornis spilogaster",9.33333296
"2215","Vermivora chrysoptera",31.41666541
"2216","Vermivora cyanoptera",26.49999894
"2217","Vermivora virginiae",7.24999971
"2218","Vespadelus pumilus",5.8333331
"2219","Vespertilio murinus",4.1666665
"2220","Vidua camerunensis",2.74999989
"2221","Vidua chalybeata",70.33333052
"2222","Vidua codringtoni",4.58333315
"2223","Vidua funerea",16.666666
"2224","Vidua macroura",37.24999851
"2225","Vidua purpurascens",14.83333274
"2226","Vidua raricola",3.24999987000001
"2227","Vidua wilsoni",4.66666647999999
"2228","Vireo altiloquus",20.91666583
"2229","Vireo bellii",25.16666566
"2230","Vireo cassinii",28.24999887
"2231","Vireo flavifrons",30.91666543
"2232","Vireo gilvus",37.4999985
"2233","Vireo griseus",25.91666563
"2234","Vireo huttoni",23.91666571
"2235","Vireo olivaceus",85.66666324
"2236","Vireo philadelphicus",36.24999855
"2237","Vireo plumbeus",12.33333284
"2238","Vireo solitarius",38.16666514
"2239","Volatinia jacarina",45.8333315
"2240","Vulpes lagopus",19.33333256
"2241","Vulpes macrotis",8.333333
"2242","Vulpes velox",7.91666635
"2243","Vulpes vulpes",34.24999863
"2244","Willisornis poecilinotus",19.08333257
"2245","Xanthocephalus xanthocephalus",61.99999752
"2246","Xanthotis flaviventer",5.99999976
"2247","Xenochrophis piscator",11.83333286
"2248","Xenodacnis parina",5.99999976
"2249","Xenopeltis unicolor",8.49999966
"2250","Xenopipo atronitens",1.83333326000001
"2251","Xenops minutus",44.83333154
"2252","Xiphocolaptes major",4.49999982
"2253","Xiphocolaptes promeropirhynchus",18.83333258
"2254","Xiphorhynchus flavigaster",5.74999977
"2255","Xiphorhynchus guttatus",19.91666587
"2256","Xiphorhynchus ocellatus",11.08333289
"2257","Xiphorhynchus pardalotus",5.41666645000001
"2258","Xiphorhynchus triangularis",8.16666634
"2259","Xolmis irupero",12.91666615
"2260","Yuhina flavicollis",3.99999984
"2261","Yuhina gularis",5.24999979
"2262","Yuhina nigrimenta",7.24999971
"2263","Zalophus californianus",14.24999943
"2264","Zapus hudsonius",31.24999875
"2265","Zapus princeps",23.58333239
"2266","Zapus trinotatus",10.74999957
"2267","Zenaida asiatica",12.08333285
"2268","Zenaida auriculata",43.91666491
"2269","Zenaida macroura",36.33333188
"2270","Zimmerius bolivianus",1.6666666
"2271","Zonotrichia albicollis",28.3333322
"2272","Zonotrichia atricapilla",31.08333209
"2273","Zonotrichia capensis",60.58333091
"2274","Zonotrichia leucophrys",41.666665
"2275","Zonotrichia querula",36.08333189
"2276","Zoothera dauma",40.41666505
"2277","Zosterops japonicus",14.1666661
"2278","Zosterops lateralis",21.33333248
"2279","Zosterops pallidus",5.91666643
"2280","Zosterops senegalensis",26.41666561
"2281","Zygodontomys brevicauda",1.74999992999999
